Brief ID,Blï¿½ï¿½tte,Type,Entity,Score,Position,Distance
1110000003,1120009443,DATE,8. III. 1901,1,64,0
1110000003,1120009443,PER,Rich,0.999994993,17,0
1110000003,1120009443,PER,Wossidlo,0.99998796,23,0
1110000003,1120009443,LOC,Schwerin,0.999811113,52,0
1110000003,1120009443,PER,G. Abshagen,0.99992305,196,0
1110000003,1120009443,LOC,Moltkeplatz,0.999987841,208,0
1110000003,1120009443,LOC,Schwerin,0.99999404,52,0
1110000004,1120009444,PER,Bï¿½ï¿½,0.990733266,893,0
1110000004,1120009444,LOC,danzig,0.999887109,1261,0
1110000004,1120009444,LOC,Amerika,0.999996543,1443,0
1110000004,1120009444,LOC,Amsterdam,0.999995828,1452,0
1110000004,1120009444,PER,Mï¿½ï¿½lle,0.987769425,1562,0
1110000004,1120009444,PER,Mï¿½ï¿½l,0.999830842,1572,0
1110000004,1120009444,LOC,Schwerin,0.999987841,1715,0
1110000004,1120009444,LOC,Schwerin,0.999988079,1715,0
1110000004,1120009444,LOC,Schwerin,0.999987602,1715,0
1110000004,1120009444,LOC,Schwerin,0.999985456,1715,0
1110000004,1120009444,LOC,Schwerin,0.999987483,1715,0
1110000004,1120009444,PER,Adebor,0.998041749,2224,0
1110000004,1120009444,PER,Adebor,0.99213165,2224,0
1110000004,1120009444,LOC,Schwerin,0.999949813,1715,0
1110000004,1120009444,LOC,Schwerin,0.999988437,1715,0
1110000004,1120009444,LOC,Schwerin,0.999991179,1715,0
1110000004,1120009444,LOC,Schwerin,0.999952435,1715,0
1110000004,1120009444,PER,Tuck,0.997580767,2539,0
1110000004,1120009444,PER,Tuck,0.987387717,2539,0
1110000004,1120009444,LOC,Schwerin,0.999986887,1715,0
1110000004,1120009444,LOC,Schwerin,0.999990344,1715,0
1110000004,1120009444,LOC,Schwerin,0.999991417,1715,0
1110000004,1120009444,PER,Heinrich,0.999979019,3773,0
1110000004,1120009444,PER,Heinrich,0.999984503,3773,0
1110000004,1120009444,PER,Heinrich,0.999989152,3773,0
1110000004,1120009444,PER,Heinrich,0.999973536,3773,0
1110000004,1120009444,PER,Heinrich,0.999986291,3773,0
1110000004,1120009444,PER,Hinrich,0.999989867,4327,0
1110000004,1120009444,PER,Abshagen,0.999905229,5283,0
1110000004,1120009444,LOC,Hamburg,0.999956131,5560,0
1110000004,1120009444,LOC,Lï¿½ï¿½,0.999972224,5568,0
1110000004,1120009444,LOC,Bremen,0.999979734,5576,0
1110000004,1120009444,LOC,Schwerin,0.999978662,1715,0
1110000004,1120009444,PER,Anna,0.980712056,6013,0
1110000004,1120009444,PER,Anna Solgel,0.999952435,6037,0
1110000004,1120009444,LOC,Linai,0.999363363,6166,0
1110000004,1120009444,PER,Kikeriki,0.999933243,6192,0
1110000004,1120009444,PER,Margarete Sasf,0.99996531,6216,0
1110000004,1120009444,PER,Hamplmann,0.999974012,6330,0
1110000004,1120009444,LOC,Heus,0.961443961,6514,0
1110000004,1120009444,LOC,Schwerin,0.999982357,1715,0
1110000004,1120009444,LOC,Schwerin,0.999967575,1715,0
1110000004,1120009444,PER,Schultz,0.999988794,7028,0
1110000004,1120009444,PER,Mï¿½ï¿½,0.999989748,1562,0
1110000004,1120009444,PER,Schultz,0.999974966,7028,0
1110000004,1120009444,PER,Mï¿½ï¿½,0.999985695,1562,0
1110000004,1120009444,PER,Dami,0.979817092,7400,0
1110000004,1120009444,PER,Slaus,0.998618245,7484,0
1110000004,1120009444,PER,Gustav Abshagen,0.999996483,7878,0
1110000004,1120009444,LOC,Schwerin,0.999989748,1715,0
1110000004,1120009444,LOC,Moltkeplatz,0.99998951,7921,0
1110000006,1120009447,PER,Ackermann,0.999988198,14,0
1110000006,1120009447,LOC,Rostock,0.999989748,15,0
1110000006,1120009447,LOC,Brudersdorf,0.999980927,74,0
1110000006,1120009447,LOC,Watt,0.999977589,89,0
1110000006,1120009447,PER,Kinnings,0.993523836,230,0
1110000006,1120009447,PER,Wacker,0.999989748,282,0
1110000006,1120009447,PER,Wacker,0.999991298,282,0
1110000006,1120009447,PER,Selig,0.999974847,1016,0
1110000006,1120009447,PER,Wacker,0.999991179,282,0
1110000006,1120009447,PER,Selig,0.999985099,1016,0
1110000006,1120009447,LOC,Trepgdal,0.983446181,1657,0
1110000006,1120009447,LOC,Trepgdal,0.993369281,1657,0
1110000006,1120009447,PER,Wacker,0.999985337,282,0
1110000006,1120009447,PER,Selig,0.999982834,1016,0
1110000006,1120009447,PER,Wacker,0.997804582,282,0
1110000007,1120009448,DATE,5. 7. 1898,1,982,0
1110000007,1120009448,PER,Ellern,0.998575926,757,0
1110000007,1120009448,PER,Adam ,0.999995708,966,0
1110000007,1120009448,PER,Adam,0.999913096,966,0
1110000007,1120009448,LOC,Warbelow b. Gnoien,0.972938204,1059,0
1110000010,1120009452,LOC,Malchin,0.999986053,4,0
1110000010,1120009452,LOC,Mecklenburg,0.999976635,31,0
1110000010,1120009452,LOC,Schwerin,0.999980688,44,0
1110000010,1120009452,PER,Gustar Uuser,0.999984443,57,0
1110000010,1120009452,PER,Wossidlo,0.99998796,90,0
1110000010,1120009452,MISC,Bibel,0.998975635,235,0
1110000010,1120009452,LOC,Spharpzow,0.999977827,322,0
1110000010,1120009452,LOC,Malchin,0.999979734,4,0
1110000010,1120009452,MISC,Bibel,0.999943972,235,0
1110000010,1120009452,MISC,Biblia,0.999933481,1376,0
1110000010,1120009452,PER,Martin Luthern,0.99998647,1467,0
1110000010,1120009452,LOC,Lisziz,0.99995935,2029,0
1110000010,1120009452,PER,M. Nicol. Haas,0.999186411,2060,0
1110000010,1120009452,PER,Trin,0.998756886,2179,0
1110000010,1120009452,PER,Jesp,0.998810053,2188,0
1110000010,1120009452,PER,Pohln.,0.999945402,2210,0
1110000010,1120009452,PER,Sachs,0.999832988,2228,0
1110000010,1120009452,LOC,Seipzig,0.999899864,2310,0
1110000010,1120009452,ORG,Verlag der Weidmannischer Handlung,0.986731708,2321,0
1110000010,1120009452,PER,Heinrich von Brï¿½ï,0.999988198,2413,0
1110000010,1120009452,LOC,Grochwitz,0.999205768,2437,0
1110000010,1120009452,LOC,Sachsen,0.998946488,2509,0
1110000010,1120009452,ORG,Thavartzen Adler Rittern,0.979702671,2692,0
1110000010,1120009452,LOC,Jeriesalen,0.999983788,2875,0
1110000010,1120009452,PER,Malchin,0.974653065,4,0
1110000010,1120009452,LOC,Schwerin,0.995337605,44,0
1110000010,1120009452,PER,Rï¿½ï¿½,0.999917865,3464,0
1110000010,1120009452,PER,Rï¿½ï¿½,0.999972343,3464,0
1110000010,1120009452,PER,Gruck,0.999921322,4839,0
1110000010,1120009452,PER,Gustav Ahlrep,0.999996126,4847,0
1110000011,1120009453,LOC,Lontnitz,0.999968767,1010,0
1110000011,1120009453,LOC,Feldberg,0.999952912,1025,0
1110000011,1120009453,PER,Ahlgrimm,0.999989033,1179,0
1110000011,1120009453,LOC,Mirow,0.999972224,1189,0
1110000011,1120009453,DATE,5. Mai 1894,1,1190,0
1110000011,1120009453,LOC,Wesenbirch,0.989551008,1655,0
1110000011,1120009454,PER,Ahlgrimm,0.999979496,13,0
1110000011,1120009454,PER,Langmann,0.999964476,25,0
1110000011,1120009454,PER,Mirow,0.9999125,47,0
1110000011,1120009454,LOC,Bienenkorb,0.993875206,802,0
1110000011,1120009454,PER,Storch,0.968267977,1626,0
1110000011,1120009454,PER,Christ,0.994682133,2210,0
1110000011,1120009454,PER,Christ,0.984690845,2210,0
1110000011,1120009454,PER,Judas,0.999966383,2506,0
1110000011,1120009454,PER,Jakt,0.997736692,2778,0
1110000011,1120009454,PER,Johe,0.999785244,2796,0
1110000011,1120009454,PER,Michte,0.988296211,2998,0
1110000011,1120009454,PER,Schneider,0.999991179,3307,0
1110000011,1120009454,PER,Fischler,0.999991894,3371,0
1110000011,1120009454,ORG,Vivat Joch,0.999974847,3666,0
1110000011,1120009454,MISC,Wiegenlied,0.99991405,3678,0
1110000011,1120009454,PER,Susa,0.99856782,3690,0
1110000011,1120009454,PER,Susa,0.999765933,3690,0
1110000011,1120009454,PER,Johann,0.999845505,4216,0
1110000011,1120009454,PER,Johann,0.999794543,4216,0
1110000011,1120009454,PER,Elisabeth,0.99987936,4297,0
1110000011,1120009454,PER,Marieken,0.999818981,4362,0
1110000011,1120009454,MISC,Th.,0.999898672,4525,0
1110000011,1120009454,PER,Meister,0.965819716,4645,0
1110000011,1120009454,PER,Hanskristel,0.999982476,4674,0
1110000011,1120009454,PER,Sin,0.998767495,2187,0
1110000011,1120009454,PER,Gelbganz,0.988987982,5975,0
1110000011,1120009454,PER,Rï¿½ï¿½hrsped,0.999746382,6082,0
1110000011,1120009454,PER,Buchfink,0.999948502,6168,0
1110000011,1120009454,PER,F. Wiedehopf,0.999972582,6211,0
1110000011,1120009454,PER,Kohlmeise,0.999876857,6244,0
1110000011,1120009454,PER,Kiebitz,0.999985695,6281,0
1110000011,1120009454,LOC,Brungmelbeerbush,0.999904275,6335,0
1110000011,1120009454,PER,Foss,0.999970675,6449,0
1110000011,1120009454,PER,Fischreisa,0.999948382,6480,0
1110000011,1120009454,PER,Foss,0.999911904,6449,0
1110000011,1120009454,PER,Foss,0.999763191,6449,0
1110000011,1120009454,PER,Regenbogen,0.996895552,1441,0
1110000011,1120009454,PER,Gott,0.999921799,3267,0
1110000011,1120009454,PER,Adam,0.99983263,6956,0
1110000011,1120009454,PER,Jiertitmarkthe,0.968456447,7133,0
1110000012,1120009455,PER,Ahlgrimm,0.999404788,10,0
1110000012,1120009455,LOC,Harken,0.999687076,1595,0
1110000012,1120009455,PER,Kreuzotter,0.999531627,2461,0
1110000012,1120009455,PER,Quassow,0.999463856,2856,0
1110000012,1120009455,PER,Priepert,0.996752799,3622,0
1110000012,1120009455,PER,Pird,0.964543879,3893,0
1110000012,1120009455,PER,Pirdei,0.960579395,4008,0
1110000012,1120009455,PER,Pird,0.999970913,3893,0
1110000012,1120009455,PER,Alenspegel,0.999924779,4637,0
1110000012,1120009455,PER,Ulenspegel,0.999806583,4743,0
1110000012,1120009455,PER,Ulnspegel,0.999595821,4804,0
1110000012,1120009455,PER,Olsch,0.998539329,4999,0
1110000012,1120009455,PER,Ulespegel,0.999926805,5079,0
1110000012,1120009455,PER,Ulnspegel,0.999957204,4804,0
1110000012,1120009455,PER,Gotbes,0.996857285,7337,0
1110000012,1120009455,PER,Christer,0.999974847,7391,0
1110000012,1120009455,LOC,Olgarten,0.996044517,7403,0
1110000012,1120009455,PER,Michaelis,0.999696493,7829,0
1110000012,1120009455,PER,Gott,0.9963516,7848,0
1110000012,1120009455,PER,Johus Cheister,0.999991953,8350,0
1110000012,1120009455,LOC,Himael,0.99995935,8397,0
1110000012,1120009455,PER,Johu Christu,0.999974787,8590,0
1110000012,1120009455,LOC,Holstein,0.999989152,8825,0
1110000012,1120009455,PER,B. G. H,0.996759728,10910,0
1110000012,1120009455,LOC,Halberstadt,0.977412879,12390,0
1110000012,1120009455,PER,Hans,0.999860644,12976,0
1110000012,1120009455,PER,Hans,0.999842882,12976,0
1110000012,1120009455,PER,Juman,0.997024238,13041,0
1110000012,1120009455,PER,Hewve,0.957197368,13507,0
1110000012,1120009455,PER,Josur,0.999976754,13666,0
1110000012,1120009455,PER,Pird,0.999697566,3893,0
1110000012,1120009455,LOC,Ruhrblatt,0.998882592,14007,0
1110000012,1120009455,LOC,Prilsert,0.999882817,14483,0
1110000012,1120009455,LOC,Friedrichshof,0.999980807,14550,0
1110000012,1120009455,LOC,Neustrelitzgef,0.999983072,14568,0
1110000012,1120009455,PER,Bï¿½ï¿½tt,0.977276921,14605,0
1110000012,1120009455,PER,Gï¿½ï¿½,0.999123156,15628,0
1110000012,1120009455,PER,Gotter,0.997033358,7848,0
1110000012,1120009455,LOC,Hinrichshagen,0.99994719,15700,0
1110000012,1120009455,PER,Gott,0.999934435,7848,0
1110000012,1120009455,PER,Prilpert,0.999773681,15784,0
1110000012,1120009455,PER,Maria,0.999816,15798,0
1110000017,1120009462,LOC,Trebs,0.999957561,34,0
1110000017,1120009462,PER,Parre,0.999879003,76,0
1110000017,1120009462,PER,Bï¿½ï¿½ck,0.999956369,130,0
1110000017,1120009462,PER,Beul,0.999561727,195,0
1110000017,1120009462,PER,Grev,0.999988079,216,0
1110000017,1120009462,PER,Burmeister,0.999993682,233,0
1110000017,1120009462,PER,Schwenck,0.999993205,260,0
1110000017,1120009462,PER,Blanck'n,0.999976993,301,0
1110000017,1120009462,PER,Warre,0.980994999,375,0
1110000017,1120009462,LOC,Lï¿½ï¿½bt,0.99997282,514,0
1110000017,1120009462,LOC,Jeise,0.999965191,534,0
1110000017,1120009462,LOC,Treits,0.999935508,570,0
1110000017,1120009462,LOC,Trebs,0.99990654,34,0
1110000017,1120009462,LOC,Jabel,0.999668717,605,0
1110000017,1120009462,LOC,Lenzen,0.999961376,671,0
1110000017,1120009462,PER,Wossidlo,0.999991775,724,0
1110000017,1120009462,LOC,Falbi,0.999346435,765,0
1110000017,1120009462,PER,Ahrncke,0.99994123,1109,0
1110000020,1120009465,DATE,24.12.06,1,7,0
1110000020,1120009465,LOC,Trebs,0.999978304,0,0
1110000020,1120009465,PER,R. Wossidlo,0.999879986,523,0
1110000021,1120009437,LOC,Pannekor,0.999967694,936,0
1110000021,1120009437,PER,Ulrich Abraham,0.999997318,1088,0
1110000021,1120009437,LOC,Thurkow,0.999966264,1137,0
1110000021,1120009437,PER,W. Kasbohm,0.999995828,1162,0
1110000021,1120009437,LOC,Rostock,0.999945879,1184,0
1110000021,1120009437,LOC,Jï¿½ï¿½rdens,0.999975204,2303,0
1110000021,1120009437,LOC,Gustrav,0.997410953,2319,0
1110000021,1120009439,PER,Tangrim,0.999611914,83,0
1110000021,1120009439,LOC,Gï¿½ï¿½s,0.999994278,158,0
1110000021,1120009439,LOC,Gï¿½ï¿½s,0.999995112,158,0
1110000021,1120009439,PER,U.,0.993217528,91,0
1110000021,1120009439,PER,Gï¿½ï¿½s,0.994299769,158,0
1110000021,1120009439,PER,Janger,0.999791801,431,0
1110000021,1120009439,PER,Jangrin,0.999959707,579,0
1110000021,1120009439,PER,U.,0.958909988,91,0
1110000021,1120009439,PER,Nvort,0.985700071,667,0
1110000021,1120009439,PER,Abraham,0.96099025,94,0
1110000021,1120009439,PER,Jangrim,0.977267265,921,0
1110000021,1120009439,LOC,gï¿½ï¿½s,0.983077109,1158,0
1110000021,1120009439,PER,Kinnerzes,0.999916673,1180,0
1110000021,1120009439,PER,Ruklas,0.999933243,1317,0
1110000021,1120009439,MISC,Kinnerjaï¿,0.999833703,1335,0
1110000021,1120009439,PER,Frangrin,0.999816597,1383,0
1110000021,1120009439,LOC,Gustraw,0.999980211,1538,0
1110000021,1120009439,LOC,Gï¿½ï¿½s,0.999964952,158,0
1110000021,1120009439,PER,Ulrich Abraham,0.99996835,1733,0
1110000021,1120009439,PER,U. Abraham,0.999732345,91,0
1110000021,1120009439,LOC,Gï¿½ï¿½s,0.999985576,158,0
1110000021,1120009439,MISC,Laternenlied,0.999982715,1936,0
1110000021,1120009439,PER,U. Abraham,0.999547929,91,0
1110000021,1120009439,LOC,Gï¿½ï¿½s,0.999988556,158,0
1110000021,1120009439,LOC,Gï¿½ï¿½s,0.99997592,158,0
1110000021,1120009439,PER,U. Abraham,0.997832239,91,0
1110000021,1120009439,LOC,Gï¿½ï¿½s,0.999976516,158,0
1110000021,1120009439,PER,U.,0.992140234,91,0
1110000021,1120009439,PER,Fritz,0.99996841,2285,0
1110000021,1120009439,PER,Fritz,0.999972939,2285,0
1110000021,1120009439,PER,U. Abraham,0.975805104,91,0
1110000021,1120009439,LOC,Gï¿½ï¿½s,0.999937534,158,0
1110000021,1120009439,PER,Ludwig,0.999977708,2369,0
1110000021,1120009439,PER,U. Abraham,0.990421355,91,0
1110000021,1120009439,LOC,gï¿½ï¿½s,0.999854207,1158,0
1110000021,1120009439,LOC,gï¿½ï¿½s,0.999389768,1158,0
1110000021,1120009439,PER,Ulrich Abraham,0.999991894,1733,0
1110000021,1120009439,LOC,gï¿½ï¿½s,0.976669431,1158,0
1110000021,1120009439,PER,U. Abraham,0.99971354,91,0
1110000021,1120009439,LOC,Gï¿½ï¿½s,0.998164117,158,0
1110000021,1120009439,PER,U. Abraham,0.999768585,91,0
1110000021,1120009439,LOC,jï¿½ï¿½rdens,0.99987185,604,0
1110000021,1120009439,PER,U. Abraham,0.99983266,91,0
1110000021,1120009439,LOC,Gï¿½ï¿½s,0.999956965,158,0
1110000021,1120009439,PER,Urich Abraham,0.999976933,3106,0
1110000021,1120009439,PER,Ulrich Abraham,0.999987245,1733,0
1110000021,1120009439,LOC,gï¿½ï¿½s,0.999557316,1158,0
1110000021,1120009439,PER,U. Abraham,0.999216914,91,0
1110000021,1120009439,LOC,gï¿½ï¿½s,0.999814093,1158,0
1110000021,1120009439,PER,Urich Abraham,0.999988019,3106,0
1110000021,1120009439,LOC,jï¿½ï¿½rdens,0.998021483,604,0
1110000021,1120009439,PER,U. Abraham,0.999860972,91,0
1110000021,1120009439,LOC,Fï¿½ï¿½rdens,0.999890089,3638,0
1110000021,1120009439,LOC,Kreihefort,0.991012514,3657,0
1110000021,1120009439,LOC,Ritterschern,0.984752834,3668,0
1110000021,1120009439,PER,Ulrich Abraham,0.978051186,1733,0
1110000021,1120009439,LOC,Mecklenburg,0.999974251,3699,0
1110000021,1120009439,LOC,Ratheicker,0.999830127,3750,0
1110000021,1120009439,LOC,Pï¿½ï¿½rdens,0.99995029,3773,0
1110000021,1120009439,PER,Ulrich Abraham,0.999989033,1733,0
1110000021,1120009439,PER,U. Abraham,0.994964719,91,0
1110000028,1120000724,DATE,19. I. 39,1,714,0
1110000028,1120000724,PER,Hitler,0.999949574,650,0
1110000028,1120000724,PER,Anna Becker,0.999989986,658,0
1110000028,1120000724,PER,Wossidlo,0.999980092,741,0
1110000028,1120000724,LOC,Waren,0.963450253,750,0
1110000028,1120000724,LOC,Feuswoot,0.999979973,976,0
1110000028,1120000724,LOC,Lï¿½ï¿½b,0.999985456,989,0
1110000028,1120000724,PER,Becker,0.999736011,663,0
1110000029,1120000726,PER,Hitler,0.999983072,350,0
1110000029,1120000726,PER,Anna Becker,0.999994755,394,0
1110000029,1120000726,PER,Weustenberg,0.999554455,411,0
1110000029,1120000726,PER,Anna Becker Goldberg,0.999974449,434,0
1110000029,1120000726,PER,R. Wossidlo,0.999994695,880,0
1110000029,1120000726,PER,Muritz,0.998877943,899,0
1110000031,1120000728,DATE,28.III.29,1,400,0
1110000031,1120000728,PER,A.,0.997956276,377,0
1110000031,1120000728,LOC,Goldberg.,0.99990809,387,0
1110000031,1120000728,PER,Hitler,0.999970317,1215,0
1110000031,1120000728,PER,Anna Becker,0.999992549,1228,0
1110000031,1120000728,PER,Weustenberg,0.986599565,1246,0
1110000036,1120000733,DATE,15.X.27,1,1076,0
1110000036,1120000733,LOC,Neustrelitz,0.999994159,69,0
1110000036,1120000733,MISC,Nobiskong,0.998054504,535,0
1110000036,1120000733,LOC,Blanborg,0.999989748,654,0
1110000036,1120000733,LOC,Roslock,0.999983072,691,0
1110000036,1120000733,PER,Becker,0.999987245,1044,0
1110000036,1120000733,LOC,Rostock,0.999993086,1063,0
1110000036,1120000733,LOC,Rostocks,0.999994636,1085,0
1110000036,1120000733,LOC,Tessiner Chausse,0.999984622,1105,0
1110000036,1120000733,MISC,Mecklenburgischen Monalshaften,0.968048006,1573,0
1110000036,1120000733,LOC,Meiklenburg,0.999993205,2578,0
1110000036,1120000733,LOC,Marienkerole,0.999906898,2777,0
1110000036,1120000733,LOC,Lï¿½ï¿½,0.999970675,2793,0
1110000036,1120000733,LOC,Bresden,0.999987006,2865,0
1110000037,1120000734,DATE,1. XI. 28,1,1280,0
1110000037,1120000734,LOC,Lï¿½ï¿½e,0.999976158,10,0
1110000037,1120000734,PER,Becker,0.998880684,1262,0
1110000037,1120000734,LOC,Rostock,0.999880552,1271,0
1110000037,1120000734,LOC,Tessiner Chaussee,0.999988735,1291,0
1110000037,1120000734,LOC,Ham,0.99805969,1571,0
1110000037,1120000734,PER,Fran,0.999823987,1784,0
1110000037,1120000734,LOC,Neustrelitz,0.999996305,2018,0
1110000037,1120000734,LOC,Berlin,0.99999547,2040,0
1110000037,1120000734,LOC,Neustrelitz,0.99999392,2018,0
1110000037,1120000734,LOC,Neustrelitz,0.999994755,2018,0
1110000037,1120000734,LOC,Hamburg,0.999996662,2568,0
1110000037,1120000734,LOC,Rothenbaumchausser,0.999953508,2745,0
1110000039,1120000736,DATE,20. II. 29,1,1984,0
1110000039,1120000736,PER,Rostorks,0.994470239,148,0
1110000039,1120000736,LOC,Stonalshaft,0.999970078,326,0
1110000039,1120000736,LOC,Mï¿½ï¿½h,0.999967098,339,0
1110000039,1120000736,PER,Bartsch,0.999159813,697,0
1110000039,1120000736,LOC,Spornitz,0.99857676,772,0
1110000039,1120000736,LOC,Dambeck,0.996347129,783,0
1110000039,1120000736,LOC,Mï¿½ï¿½,0.998689592,947,0
1110000039,1120000736,LOC,Virchow,0.998714089,1184,0
1110000039,1120000736,LOC,Neumark,0.99993062,1199,0
1110000039,1120000736,MISC,Adanusdanz,0.999233007,1272,0
1110000039,1120000736,LOC,Rostock,0.999992609,1720,0
1110000039,1120000736,PER,Julius Becker,0.999997139,1959,0
1110000039,1120000736,LOC,Rostock,0.999994874,1720,0
1110000039,1120000736,LOC,Brinckman,0.996864855,2855,0
1110000042,1120000739,DATE,21.6.1930,1,390,0
1110000042,1120000739,PER,Becker-Rostock,0.999991655,4,0
1110000042,1120000739,LOC,Tessiner Chaussee,0.999987304,29,0
1110000042,1120000739,PER,Becker,0.999990106,4,0
1110000042,1120000739,LOC,Rostock,0.999994874,11,0
1110000042,1120000739,PER,Wossidlo,0.999988556,419,0
1110000042,1120000739,LOC,Ptivow,0.999936104,573,0
1110000042,1120000739,MISC,Paduck,0.966246605,677,0
1110000042,1120000739,LOC,Neustrelitz A,0.999978185,713,0
1110000042,1120000739,LOC,Friidland,0.999984384,728,0
1110000042,1120000739,LOC,Neustrel,0.999987602,713,0
1110000042,1120000739,LOC,Neustrelitz,0.999994278,713,0
1110000047,1120013696,DATE,18.2.31,1,339,0
1110000047,1120013696,PER,Becker,0.999989152,287,0
1110000047,1120013696,PER,J. Becker,0.99999243,307,0
1110000047,1120013696,ORG,Camme Rostock,0.997038394,325,0
1110000047,1120013696,PER,Il Bosselck,0.999976158,455,0
1110000047,1120013696,LOC,Cammin,0.999982834,472,0
1110000047,1120013696,LOC,Ziesendorf,0.999994636,750,0
1110000047,1120013696,LOC,Cammin,0.997491837,472,0
1110000293,1120002739,LOC,Upahl,0.993137121,0,0
1110000293,1120002739,PER,Daebeler,0.999983788,15,0
1110000293,1120002739,LOC,Upalll,0.99949646,81,0
1110000293,1120002739,PER,L. Daebeler,0.999929488,187,0
1110000293,1120002740,LOC,Qpreb,0.999914527,301,0
1110000293,1120002740,PER,Gott,0.999116242,658,0
1110000293,1120002740,LOC,Pommerland,0.999959111,986,0
1110000293,1120002740,LOC,Pommrland,0.993728876,997,0
1110000293,1120002741,PER,Sperling,0.971800804,199,0
1110000293,1120002741,PER,Jgois,0.997487903,230,0
1110000293,1120002741,PER,Vault,0.990773976,700,0
1110000293,1120002741,PER,Ruh,0.999833107,740,0
1110000293,1120002741,PER,Hahn,0.999904037,787,0
1110000293,1120002741,LOC,Gossenloch,0.987410486,800,0
1110000293,1120002741,LOC,Eugland,0.999990106,1080,0
1110000293,1120002741,LOC,England,0.999986768,1352,0
1110000293,1120002742,PER,Beck,0.999386787,285,0
1110000293,1120002742,PER,Granckow,0.999842525,1720,0
1110000293,1120002742,LOC,Ergelland,0.998807669,2008,0
1110000904,1120009470,DATE,25.4.1901,1,742,0
1110000904,1120009470,LOC,Toitenwinkel,0.99996841,59,0
1110000904,1120009470,PER,Letter,0.989305615,90,0
1110000904,1120009470,LOC,Kirchdorf a D,0.999976079,165,0
1110000904,1120009470,LOC,Hintrow,0.999972582,193,0
1110000904,1120009470,PER,J. O. s.,0.998642008,205,0
1110000904,1120009470,PER,S. W.,0.975986282,221,0
1110000904,1120009470,PER,Cl. Brandin,0.988010009,246,0
1110000904,1120009470,LOC,Viemar,0.999151468,259,0
1110000904,1120009470,PER,St,0.992500961,296,0
1110000904,1120009470,LOC,Wannmunde,0.999895692,321,0
1110000904,1120009470,LOC,Rortoete,0.999655008,348,0
1110000904,1120009470,PER,John Briehmans,0.99998939,361,0
1110000904,1120009470,LOC,Burg Werle,0.99996382,393,0
1110000904,1120009470,LOC,Burgrall von Asten,0.956239959,422,0
1110000904,1120009470,LOC,Fornndorf,0.999951243,459,0
1110000904,1120009470,LOC,Tetain,0.999786675,471,0
1110000904,1120009470,LOC,Ludentinchhof,0.99996531,482,0
1110000904,1120009470,LOC,Doberan,0.999946237,99,0
1110000904,1120009470,LOC,Warnemï¿½ï¿,0.999994516,710,0
1110000904,1120009470,LOC,Alegandrinenstr,0.99998033,722,0
1110000904,1120009470,PER,Adolf,0.999314904,761,0
1110000904,1120009470,PER,Wintermbend,0.995155573,1528,0
1110000904,1120009470,PER,Adolf Ahrens,0.999993086,1932,0
1110000904,1120009470,LOC,Warnemï¿½ï¿,0.9999789,710,0
1110000904,1120009472,LOC,Warnemï¿½ï¿,0.999549925,1713,0
1110000904,1120009472,PER,Aelender,0.999890447,1986,0
1110000904,1120009472,PER,Marlow,0.99988842,2471,0
1110000904,1120009472,PER,Everfï¿½ï¿½rhe,0.998132527,2573,0
1110000904,1120009472,PER,Kotelmann,0.999946237,2645,0
1110000904,1120009472,PER,Kï¿½ï¿,0.998999298,3595,0
1110000904,1120009473,LOC,Berlin,0.999849319,939,0
1110000904,1120009473,PER,Johsaan,0.999846935,1456,0
1110000904,1120009473,PER,Setann,0.988636672,1887,0
1110000904,1120009473,PER,Liekmadam,0.998426914,2508,0
1110000904,1120009473,PER,Parh,0.999965668,3177,0
1110000904,1120009473,PER,P.,0.999914646,3202,0
1110000904,1120009473,PER,Franz,0.999923944,3783,0
1110000904,1120009473,PER,Friederich,0.999979854,3790,0
1110000904,1120009473,PER,maria,0.996510446,3955,0
1110000904,1120009473,PER,Minna,0.999778092,4093,0
1110000904,1120009473,LOC,Ninive,0.999990702,4240,0
1110000904,1120009473,PER,Anna,0.994150043,4653,0
1110000904,1120009473,PER,Wam,0.995486438,4800,0
1110000904,1120009473,MISC,Elmani,0.999494314,5690,0
1110000904,1120009473,LOC,Ameriker,0.998790205,5775,0
1110000904,1120009473,LOC,Lettw,0.998079777,6233,0
1110000904,1120009473,PER,Adam Sisr,0.999973595,6949,0
1110000904,1120009473,PER,Manis,0.99536562,7172,0
1110000904,1120009473,LOC,Wockernsches Tor,0.999968231,7253,0
1110000904,1120009473,PER,Sivoe,0.993868649,7312,0
1110000904,1120009473,LOC,Warnemï¿½ï¿,0.999992371,1899,0
1110000904,1120009473,PER,Gert,0.998129547,8326,0
1110000904,1120009473,PER,Lorth,0.999885917,8581,0
1110000904,1120009473,PER,Ahrans,0.994975448,9301,0
1110000904,1120009473,PER,Roge,0.991915524,9343,0
1110000904,1120009473,LOC,Warnemï¿½ï¿,0.999971271,1899,0
1110000904,1120009473,PER,oshad,0.995781302,10201,0
1110000904,1120009473,LOC,Engeland,0.999977589,10419,0
1110000904,1120009473,PER,Binka,0.998083234,10564,0
1110000904,1120009473,PER,Biblabinka,0.997320354,10582,0
1110000904,1120009473,PER,Linvammobitett,0.989366353,10605,0
1110000904,1120009473,PER,Biek,0.999093175,10645,0
1110000904,1120009473,PER,bieblabinke,0.975155771,10723,0
1110000904,1120009473,PER,Fritz,0.999717176,11182,0
1110000904,1120009473,LOC,Menkloster,0.999712765,12064,0
1110000904,1120009473,PER,Maruulo,0.969423532,13498,0
1110000904,1120009474,PER,Smidt,0.999991179,10,0
1110000904,1120009474,PER,Smidt,0.999992609,10,0
1110000904,1120009474,PER,Jule,0.999975681,45,0
1110000904,1120009475,PER,Napoleon,0.999890447,361,0
1110000904,1120009475,PER,Alex.,0.999789178,371,0
1110000904,1120009475,PER,Karl d. Gr.,0.990175441,380,0
1110000904,1120009475,PER,Wolland,0.999980927,410,0
1110000904,1120009475,PER,Peliz Dalm,0.999920547,520,0
1110000904,1120009475,PER,Gestends,0.999951243,956,0
1110000904,1120009475,PER,Adolf,0.999930382,1477,0
1110000904,1120009475,PER,Ahrens,0.988853693,1502,0
1110000904,1120009475,PER,Amer,0.998137832,1515,0
1110000904,1120009475,PER,Zeenn,0.999281347,2648,0
1110000904,1120009475,PER,Fidel,0.997134686,2840,0
1110000904,1120009475,PER,Hans,0.999782383,2909,0
1110000929,1120009515,PER,Ahrens,0.999989271,0,0
1110000929,1120009515,LOC,Neuburg,0.999965429,570,0
1110000929,1120009515,LOC,Herdekaton,0.999729693,583,0
1110000929,1120009515,LOC,Kartlow74,0.993874967,1028,0
1110000929,1120009515,PER,O. Ahrens,0.999689728,1073,0
1110000929,1120009516,PER,Leider Alder,0.997387558,38,0
1110000929,1120009516,PER,Burk,0.999986172,146,0
1110000929,1120009516,PER,Perlhuhn,0.999983788,197,0
1110000929,1120009516,PER,Ziegenbock,0.999309421,508,0
1110000929,1120009516,PER,Lang,0.99980706,739,0
1110000929,1120009516,LOC,Hagenow,0.999972224,1288,0
1110000929,1120009516,PER,Rorch,0.975789905,1397,0
1110000929,1120009516,PER,breiderfaut,0.997617662,2441,0
1110000929,1120009516,PER,1anderand,0.981463432,2474,0
1110000929,1120009516,PER,Messenstiert,0.978213251,2651,0
1110000929,1120009516,PER,Breuch,0.999449193,2815,0
1110000929,1120009516,LOC,Kiseh,0.989226401,2838,0
1110000929,1120009516,PER,Sperling,0.999980211,485,0
1110000929,1120009516,LOC,Passee,0.999594271,5857,0
1110000929,1120009516,LOC,Lï¿½ï¿½nken,0.999938011,5884,0
1110000929,1120009516,LOC,Holstein,0.999970317,5938,0
1110000929,1120009516,LOC,Hagenow,0.999985814,1288,0
1110000929,1120009516,LOC,Hagenow.quedux,0.999977708,6046,0
1110000929,1120009516,LOC,Zusow,0.999813139,6105,0
1110000929,1120009516,LOC,Hagenow,0.999983191,1288,0
1110000929,1120009516,MISC,Johannisnacht,0.999969959,6457,0
1110000929,1120009516,LOC,Zï¿½ï¿,0.99996686,6617,0
1110000929,1120009516,PER,Norch,0.997439861,5032,0
1110000929,1120009516,LOC,Z.,0.99233222,9119,0
1110000929,1120009516,PER,Zï¿½ï¿,0.996567965,6617,0
1110000929,1120009516,LOC,Hagenow,0.999955297,1288,0
1110000929,1120009516,PER,Snaak,0.998660326,11424,0
1110000929,1120009516,PER,Joavon,0.983265638,14610,0
1110000929,1120009516,PER,Johannis,0.999915719,6457,0
1110000929,1120009516,PER,Strorm,0.972387373,15805,0
1110000929,1120009516,PER,Nelli,0.967864215,15813,0
1110000929,1120009516,LOC,Hamburg,0.999984741,16192,0
1110000929,1120009516,LOC,Hagenow,0.999945641,1288,0
1110000929,1120009516,LOC,Tischelstadt,0.999993086,16848,0
1110000929,1120009516,LOC,Tischelstï¿½ï,0.999991179,16866,0
1110000929,1120009516,LOC,Nagelstï¿½ï,0.99997592,16884,0
1110000929,1120009516,LOC,Riwwelstï¿½ï,0.999951482,16895,0
1110000929,1120009516,LOC,Riwwelstï¿½ï,0.999987841,16912,0
1110000929,1120009516,LOC,Nagelstï¿½ï,0.999992728,16929,0
1110000929,1120009516,LOC,Nenndï¿½ï,0.992099285,18638,0
1110000929,1120009516,LOC,Wismar,0.999986529,18652,0
1110000930,1120009517,DATE,16. August. 1898,1,24,0
1110000930,1120009517,LOC,M,0.999881625,18,0
1110000930,1120009517,LOC,Mecklenb,0.999967337,573,0
1110000930,1120009517,LOC,Zï¿½ï¿,0.999971271,0,0
1110000930,1120009517,PER,Schwartinsky,0.999985576,3780,0
1110000930,1120009517,LOC,Neu-Farpen,0.999582112,3796,0
1110000930,1120009517,LOC,Ws,0.999982476,3891,0
1110000930,1120009517,LOC,mar,0.994435072,3895,0
1110000930,1120009517,PER,Patenze,0.999855161,3979,0
1110000930,1120009517,LOC,All-Farpen,0.998508751,3995,0
1110000930,1120009517,PER,Strï¿½ï¿½nken,0.999549448,4050,0
1110000930,1120009517,LOC,Rostock,0.999992609,4401,0
1110000930,1120009517,PER,Baador,0.999987721,4479,0
1110000930,1120009517,LOC,Ravenhagen,0.999987006,4512,0
1110000930,1120009517,PER,Koll,0.9999789,1143,0
1110000930,1120009517,PER,Becker,0.998598874,5935,0
1110000930,1120009517,ORG,Volkrschule,0.996789098,5943,0
1110000930,1120009517,PER,Bath,0.999975562,5959,0
1110000930,1120009517,PER,Wohlbrandl,0.999989629,5970,0
1110000930,1120009517,LOC,Waren,0.999988914,6100,0
1110000930,1120009517,PER,Ahrens,0.999984145,6191,0
1110000930,1120009518,LOC,Hagenow,0.999987602,329,0
1110000930,1120009518,LOC,Hagenow,0.999984622,329,0
1110000930,1120009518,LOC,Hagenow,0.999984026,329,0
1110000930,1120009518,LOC,Krakow,0.999987364,1150,0
1110000930,1120009518,LOC,Krakower See,0.999980569,1183,0
1110000930,1120009518,LOC,kabbelsee,0.990273654,1288,0
1110000930,1120009518,PER,S. Peters-Mathemnt,0.999853671,1354,0
1110000930,1120009518,LOC,Goldberg,0.999975324,2124,0
1110000930,1120009518,LOC,Nevern,0.999945521,2585,0
1110000930,1120009518,LOC,Neukloster,0.99996531,2596,0
1110000930,1120009518,LOC,Steber Schulackers,0.999455929,3094,0
1110000930,1120009518,PER,Beltz-Schw,0.999988317,3309,0
1110000930,1120009518,PER,Mevierf,0.99304384,3353,0
1110000930,1120009518,PER,Rchfeldt,0.999817431,3362,0
1110000930,1120009518,PER,Zusow,0.999991536,3509,0
1110000930,1120009518,PER,Gitt,0.998016357,3545,0
1110000930,1120009518,LOC,Hlocksberg,0.993373513,3558,0
1110000930,1120009518,LOC,Neuhlastor,0.999931693,3732,0
1110000930,1120009518,LOC,Gelgenberg,0.999900818,3747,0
1110000930,1120009518,LOC,Zusow,0.999974251,3509,0
1110000930,1120009518,LOC,Neukloster,0.999963641,2596,0
1110000930,1120009518,LOC,Neuhof,0.999734819,3806,0
1110000930,1120009518,LOC,oll Gloow,0.999764711,4073,0
1110000930,1120009518,LOC,Neuhaf,0.999745429,4170,0
1110000930,1120009518,PER,R. Wesmar,0.996868193,4571,0
1110000930,1120009518,PER,Fischer,0.999984384,1132,0
1110000930,1120009518,LOC,Zï¿½ï¿,0.999971628,171,0
1110000930,1120009518,LOC,Munuhagn,0.999857664,7180,0
1110000930,1120009518,PER,Lehmann,0.999945402,7963,0
1110000930,1120009518,LOC,Friedrich-Franz-Kenal,0.999884486,7975,0
1110000930,1120009518,LOC,Kronskamp,0.999981523,8001,0
1110000930,1120009518,LOC,spanien,0.999288261,8523,0
1110000930,1120009518,PER,pagelunn,0.998934925,8846,0
1110000930,1120009518,PER,Mei,0.999905229,8032,0
1110000930,1120009518,PER,Marie Dehrens,0.999989331,16833,0
1110000930,1120009518,LOC,Luow,0.999686122,16851,0
1110000930,1120009518,PER,Joach Karl Weber,0.999929508,17706,0
1110000930,1120009518,LOC,Bem,0.999846101,17726,0
1110000930,1120009518,PER,Zï¿½ï¿,0.999943495,171,0
1110000930,1120009518,PER,I,0.999935746,1604,0
1110000930,1120009518,PER,Schwalbe,0.999962568,17810,0
1110000930,1120009518,PER,Luth zu,0.985417217,18715,0
1110000930,1120009518,PER,Zï¿½ï¿,0.994011343,171,0
1110000930,1120009518,LOC,Boiensdorf,0.999985456,18742,0
1110000930,1120009518,LOC,Narensbergs,0.999921322,19363,0
1110000930,1120009518,LOC,Rovensberg,0.999986529,19382,0
1110000930,1120009518,LOC,Neububaw,0.999976754,19398,0
1110000931,1120009519,DATE,17.Oktober. 1898,1,24,0
1110000931,1120009519,PER,Zï¿½ï¿½sow b. Kar,0.972509772,0,0
1110000931,1120009519,LOC,Teterow,0.999994993,565,0
1110000931,1120009519,LOC,Taterow,0.999994278,698,0
1110000931,1120009519,PER,Burgwardts,0.999992251,2395,0
1110000931,1120009519,LOC,Teterow,0.999994159,565,0
1110000931,1120009519,LOC,Teterowal,0.99999094,3098,0
1110000931,1120009519,PER,Schrï¿½ï¿,0.999987245,3291,0
1110000931,1120009519,LOC,Dobberlin,0.999979377,3303,0
1110000931,1120009519,PER,Roloff,0.996854901,3378,0
1110000931,1120009519,PER,Bunge,0.999985218,3535,0
1110000931,1120009519,LOC,Weltzin,0.973822355,3549,0
1110000931,1120009519,LOC,Renzow.,0.999984503,3561,0
1110000931,1120009519,PER,Ahrens,0.999836087,3801,0
1110000931,1120009519,LOC,Wismar,0.999985099,3834,0
1110000932,1120010093,LOC,Kï¿½ï¿,0.999989271,0,0
1110000932,1120010093,LOC,Kartlow,0.999983311,10,0
1110000932,1120010093,PER,Mï¿½ï¿½llermn,0.999829531,309,0
1110000932,1120010093,LOC,Mecklenburg,0.999929786,974,0
1110000932,1120010093,PER,Bï¿½ï¿½rgw,0.999993563,1114,0
1110000932,1120010093,PER,Gillhoff,0.999992371,1253,0
1110000932,1120010093,PER,Burgw,0.999990821,1271,0
1110000932,1120010093,PER,Burgw,0.999990106,1271,0
1110000932,1120010093,LOC,Denemark,0.999995232,3823,0
1110000932,1120010093,LOC,Deutschland,0.999996424,3848,0
1110000932,1120010093,MISC,M,0.999735296,309,0
1110000932,1120010093,PER,Krauï¿,0.999989152,5686,0
1110000932,1120010093,ORG,Vereins fï¿½ï¿½r udd. Prechforsc,0.98680315,5980,0
1110000932,1120010093,LOC,Hemburg,0.999983549,6016,0
1110000932,1120010093,ORG,Eekboom,0.995874345,6481,0
1110000932,1120010093,LOC,Kiel,0.999991536,6814,0
1110000932,1120010093,LOC,Ros,0.999547899,6960,0
1110000932,1120010093,PER,Baade,0.999964356,7401,0
1110000932,1120010093,PER,Ahrens,0.999950051,8723,0
1110000933,1120010094,DATE,12.XII.1899,1,25,0
1110000933,1120010094,LOC,Zï¿½ï¿,0.999990702,0,0
1110000933,1120010094,LOC,Kartlow,0.999986172,10,0
1110000933,1120010094,PER,Oberlcher,0.999975681,56,0
1110000933,1120010094,MISC,Burgwardt,0.991187394,2806,0
1110000933,1120010094,PER,Ahrens,0.999987602,4233,0
1110000934,1120010095,DATE,23.XI.1900,1,22,0
1110000934,1120010095,LOC,Zï¿½ï¿,0.999991059,0,0
1110000934,1120010095,LOC,Kartlow,0.999989152,10,0
1110000934,1120010095,PER,Hagenow,0.999044359,964,0
1110000934,1120010095,PER,Goldberg,0.998799205,1113,0
1110000934,1120010095,LOC,Kirch Jesar,0.999944687,1219,0
1110000934,1120010095,PER,Johrl,0.999459803,1605,0
1110000934,1120010095,LOC,Bresegard,0.999984145,1614,0
1110000934,1120010095,LOC,Picher 1h.,0.956069857,1628,0
1110000934,1120010095,LOC,K. Iesar,0.999968231,1663,0
1110000934,1120010095,PER,C. Schulz,0.999867111,1884,0
1110000934,1120010095,LOC,Banzkow,0.999987483,1897,0
1110000934,1120010095,LOC,Plate,0.999540687,1916,0
1110000934,1120010095,PER,Grï¿½ï¿½nw,0.999994516,1935,0
1110000934,1120010095,LOC,Raduhn,0.999974608,1948,0
1110000934,1120010095,LOC,Klinken,0.999964118,1959,0
1110000934,1120010095,LOC,Kayere,0.999976277,2521,0
1110000934,1120010095,LOC,Baden,0.999987006,2529,0
1110000934,1120010095,PER,Sellschopp,0.999991655,2682,0
1110000934,1120010095,LOC,Neukloster,0.961164474,2968,0
1110000934,1120010095,LOC,Neukloster,0.999959946,2968,0
1110000934,1120010095,PER,JoktsL,0.99999094,3212,0
1110000934,1120010095,PER,Sellschopp,0.999990821,2682,0
1110000934,1120010095,PER,Jost,0.999984384,3415,0
1110000934,1120010095,LOC,Kre,0.999981642,3888,0
1110000934,1120010095,LOC,ýý,0.987226665,286,0
1110000934,1120010095,LOC,litzschen,0.956107259,3893,0
1110000934,1120010095,PER,Ahrens,0.999989867,33,0
1110000934,1120010096,PER,Zï¿½ï¿,0.99494499,53,0
1110000934,1120010096,LOC,Hallerstadt,0.998978257,188,0
1110000934,1120010096,PER,Zï¿½ï¿,0.999669552,53,0
1110000934,1120010096,PER,Hagenaw,0.999955058,532,0
1110000934,1120010096,PER,Barrlï¿½ï¿½m,0.997402966,656,0
1110000934,1120010096,LOC,Kirch-Jesar,0.998935878,707,0
1110000934,1120010096,PER,Hagenow,0.999972939,810,0
1110000934,1120010096,LOC,Lï¿½ï¿,0.999928117,974,0
1110000934,1120010096,PER,Jakob,0.9999789,1147,0
1110000934,1120010096,LOC,Marlow,0.999760091,1246,0
1110000934,1120010096,LOC,Marlou,0.999917269,1530,0
1110000934,1120010096,PER,Emma,0.99977082,1629,0
1110000934,1120010096,LOC,Zï¿½ï¿,0.999957919,53,0
1110000934,1120010096,LOC,Zï¿½ï¿½,0.99995935,1891,0
1110000934,1120010096,PER,Mudder,0.964042842,1959,0
1110000934,1120010096,LOC,Zï¿½ï¿,0.999919176,53,0
1110000934,1120010096,PER,Anna,0.994016767,2068,0
1110000934,1120010096,PER,Mudding,0.998963714,2120,0
1110000934,1120010096,LOC,Hagonow,0.99998343,166,0
1110000934,1120010096,LOC,Zï¿½ï¿,0.999980688,53,0
1110000934,1120010096,PER,Peiter Kruse,0.999982297,2332,0
1110000934,1120010096,LOC,Zï¿½ï¿,0.999737322,2382,0
1110000934,1120010096,PER,Hagenow,0.959449589,810,0
1110000934,1120010096,LOC,Zï¿½ï¿,0.998041868,53,0
1110000934,1120010096,LOC,Marlow,0.97805208,1246,0
1110000934,1120010096,LOC,Zï¿½ï¿,0.998980582,53,0
1110000934,1120010096,PER,Christam,0.981745839,2993,0
1110000934,1120010096,PER,Zï¿½ï¿,0.999626875,53,0
1110000934,1120010096,LOC,Hagonow,0.999694109,166,0
1110000934,1120010096,PER,Rill,0.999984145,3338,0
1110000934,1120010096,PER,Ritt,0.999990225,3363,0
1110000934,1120010096,PER,Rill,0.999964237,3338,0
1110000934,1120010096,PER,Goldberg,0.999975085,3444,0
1110000934,1120010096,PER,Zï¿½ï¿,0.999881864,53,0
1110000934,1120010096,PER,Ritthei,0.996230662,3470,0
1110000934,1120010096,PER,Hagonow,0.999978781,166,0
1110000934,1120010096,LOC,Zusd,0.999916792,3988,0
1110000934,1120010096,LOC,Zï¿½ï¿,0.999943256,4132,0
1110000934,1120010096,PER,Emma,0.999943614,1629,0
1110000934,1120010096,PER,Emma,0.99995172,1629,0
1110000934,1120010096,LOC,Hagenow,0.999979973,810,0
1110000934,1120010096,LOC,Zï¿½,0.999742806,53,0
1110000934,1120010096,LOC,Marlow,0.971796334,1246,0
1110000934,1120010096,PER,Johann,0.976515055,4709,0
1110000934,1120010096,LOC,Zï¿½ï¿,0.99994874,2382,0
1110000934,1120010096,MISC,jï¿½ï¿½nner,0.963327646,4822,0
1110000934,1120010096,LOC,Hagenaw,0.999827862,532,0
1110000934,1120010096,PER,Zï¿½ï¿,0.984407663,53,0
1110000934,1120010096,PER,Hagenag,0.984514713,5232,0
1110000934,1120010096,PER,Hagenow,0.999331594,810,0
1110000934,1120010096,PER,Hagenaw,0.998436987,532,0
1110000934,1120010096,LOC,Hagenau,0.958187521,6348,0
1110000934,1120010096,LOC,Hagenow,0.981681526,810,0
1110000934,1120010096,PER,Soldberg,0.999980807,7545,0
1110000934,1120010096,PER,Wseihn,0.980498612,7590,0
1110000934,1120010096,PER,Schulz,0.999992251,7672,0
1110000934,1120010096,PER,Mï¿½ï¿½,0.999992847,7683,0
1110000934,1120010096,PER,Mï¿½ï¿½,0.999985933,7683,0
1110000934,1120010096,PER,Schulz,0.999983907,7672,0
1110000934,1120010096,PER,Mï¿½ï¿½,0.999988437,7683,0
1110000934,1120010096,PER,Goldberg,0.999978542,3444,0
1110000934,1120010096,MISC,Kich-Jesar,0.987701595,8083,0
1110000934,1120010096,LOC,Hagenov,0.999987483,8237,0
1110000934,1120010096,LOC,Zï¿½ï¿,0.999974847,53,0
1110000934,1120010096,LOC,Watermaum,0.999984741,8254,0
1110000934,1120010096,LOC,Hagenow,0.999990106,810,0
1110000934,1120010096,PER,Zï¿½ï¿,0.999973059,53,0
1110000934,1120010096,PER,Zï¿½ï¿,0.999980927,53,0
1110000934,1120010096,MISC,mark,0.999586403,9411,0
1110000934,1120010096,PER,Hagenow,0.999991536,810,0
1110000934,1120010096,PER,Zï¿½ï¿,0.999958038,9813,0
1110000934,1120010096,PER,Hagenaw,0.999991059,532,0
1110000934,1120010096,PER,Stï¿½ï,0.966810882,10005,0
1110000934,1120010096,PER,Stahmi,0.976485133,10067,0
1110000934,1120010096,PER,Hagenow,0.999992132,810,0
1110000934,1120010096,PER,Hlagenow,0.99997437,10297,0
1110000934,1120010096,PER,Goldberg,0.999768913,3444,0
1110000934,1120010096,PER,Goldh,0.999948859,10443,0
1110000934,1120010096,PER,Zï¿½ï¿,0.966429055,53,0
1110000934,1120010096,PER,Hagenow,0.999988914,810,0
1110000934,1120010096,PER,Schneider,0.999817669,10978,0
1110000934,1120010096,PER,Schneider,0.99969697,10978,0
1110000934,1120010096,PER,Hagenow,0.997630358,810,0
1110000934,1120010096,PER,Haster,0.999920845,11687,0
1110000934,1120010096,PER,Keister,0.989820242,11746,0
1110000934,1120010096,PER,Heister,0.998281717,11793,0
1110000934,1120010096,PER,Heister,0.998729527,11793,0
1110000934,1120010096,LOC,Zusow,0.999868035,12241,0
1110000934,1120010096,LOC,Hamborg,0.999975204,12251,0
1110000934,1120010096,LOC,Fritzkicktdï¿½ï¿½r,0.971142352,12441,0
1110000934,1120010096,PER,Fritz,0.999974251,12441,0
1110000934,1120010096,PER,franz,0.999641418,12475,0
1110000934,1120010096,PER,Hagenow,0.99993825,810,0
1110000934,1120010096,PER,Johann,0.999939203,4709,0
1110000934,1120010096,PER,Frideriku,0.999974608,12719,0
1110000934,1120010096,PER,Frickerikn,0.999613941,12828,0
1110000934,1120010096,PER,Frideriku,0.999978542,12719,0
1110000934,1120010096,PER,Schrï¿½ï¿,0.999952674,13011,0
1110000934,1120010096,PER,Schrï¿½ï¿,0.999815047,13011,0
1110000934,1120010096,PER,Kirch-Zesar,0.999973059,13113,0
1110000934,1120010096,PER,Mariekn,0.998265803,13130,0
1110000934,1120010096,PER,Circh,0.990603089,13234,0
1110000934,1120010096,PER,Jesar,0.99881351,713,0
1110000934,1120010096,PER,Chrischau,0.99994874,13339,0
1110000934,1120010096,PER,Krrch,0.997456014,13408,0
1110000934,1120010096,PER,Jesar,0.993163645,713,0
1110000934,1120010096,PER,Kirch-Jesar,0.999966621,707,0
1110000934,1120010096,PER,Kirch-Jesar,0.999967456,707,0
1110000934,1120010096,PER,Hagenow,0.999974847,810,0
1110000934,1120010096,PER,Hagenaw,0.999978304,532,0
1110000934,1120010096,PER,Kirch-Tesar,0.999921083,13973,0
1110000934,1120010096,PER,Frieda,0.999644995,13986,0
1110000934,1120010096,PER,Hagenaw,0.999987483,532,0
1110000934,1120010096,PER,Kirch-Jesar,0.999974251,707,0
1110000934,1120010096,PER,Kirch-Jesar,0.999985933,707,0
1110000934,1120010096,PER,Fritzing,0.999876142,14236,0
1110000934,1120010096,PER,Zï¿½ï¿,0.999989033,53,0
1110000934,1120010096,LOC,Ehrischau,0.994077206,14356,0
1110000934,1120010096,LOC,Chrischau,0.999756992,13339,0
1110000934,1120010096,PER,Zï¿½ï¿,0.999991059,53,0
1110000934,1120010096,PER,Hagenow,0.999992371,810,0
1110000934,1120010096,PER,Kirch-Jesar,0.99998343,707,0
1110000934,1120010096,PER,Zï¿½ï¿,0.99998951,53,0
1110000934,1120010096,PER,Hagenow,0.999989629,810,0
1110000934,1120010096,PER,Matte,0.999950171,14878,0
1110000934,1120010096,PER,Moses,0.978934228,15334,0
1110000934,1120010096,LOC,Hagenow,0.999972105,810,0
1110000934,1120010096,PER,Noohs,0.999973655,15433,0
1110000934,1120010096,PER,Semmel,0.999950528,15440,0
1110000934,1120010096,PER,hammel,0.999189913,15448,0
1110000934,1120010096,PER,Schaapfelt,0.999590456,15458,0
1110000934,1120010096,LOC,Hagenow,0.99996376,810,0
1110000934,1120010096,PER,Jsack,0.996717155,15590,0
1110000934,1120010096,PER,Asack,0.984712481,15658,0
1110000934,1120010096,LOC,Zï¿½ï¿,0.999633789,53,0
1110000934,1120010096,PER,Abraham,0.999956965,15685,0
1110000934,1120010096,PER,Jsaak,0.999920845,15696,0
1110000934,1120010096,PER,Isaak,0.999900699,15751,0
1110000934,1120010096,PER,Chauseewï¿½ï,0.999222517,15773,0
1110000934,1120010096,PER,Zï¿½ï¿,0.987769425,53,0
1110000934,1120010096,LOC,Marlow,0.980101347,1246,0
1110000934,1120010096,PER,Hagenow,0.999992132,810,0
1110000934,1120010096,PER,Hagenour,0.999989271,16173,0
1110000934,1120010096,PER,Zï¿½ï¿,0.999983072,53,0
1110000934,1120010096,PER,Jesu,0.99993825,2987,0
1110000934,1120010096,PER,Hag,0.999877334,166,0
1110000934,1120010096,PER,Marlew,0.99969697,16392,0
1110000934,1120010096,PER,Jesu,0.999975562,2987,0
1110000934,1120010096,PER,Abraham,0.999975443,15685,0
1110000934,1120010096,PER,Jsaak,0.999499798,15696,0
1110000934,1120010096,PER,Jassen,0.999559462,16485,0
1110000934,1120010096,PER,Abraham,0.999965429,15685,0
1110000934,1120010096,PER,Zï¿½ï¿,0.999984026,53,0
1110000934,1120010096,PER,Jariss,0.958781898,16567,0
1110000934,1120010096,PER,Zusow,0.999977827,12241,0
1110000934,1120010096,PER,R. Jesar,0.99978888,16773,0
1110000934,1120010096,PER,Zï¿½ï¿,0.999962091,53,0
1110000934,1120010096,PER,Zï¿½ï¿,0.999945402,53,0
1110000934,1120010096,PER,Klinklaas,0.984922111,17144,0
1110000934,1120010096,LOC,Zï¿½ï¿,0.99997139,53,0
1110000934,1120010096,LOC,Hag,0.999940157,166,0
1110000934,1120010096,LOC,Zï¿½ï¿,0.999981642,53,0
1110000934,1120010096,LOC,Hamburg,0.999995828,17768,0
1110000934,1120010096,LOC,Lï¿½ï¿½,0.999996305,17777,0
1110000934,1120010096,LOC,Bremen,0.99999404,17785,0
1110000934,1120010096,PER,Zï¿½ï¿,0.98773241,53,0
1110000934,1120010096,PER,Hagenow,0.999987841,810,0
1110000934,1120010096,LOC,Zï¿½ï¿,0.999966502,53,0
1110000934,1120010096,PER,Kirch,0.99803561,707,0
1110000934,1120010096,PER,Zesar,0.999096394,13119,0
1110000934,1120010096,PER,Hagenow,0.999975562,810,0
1110000934,1120010096,PER,Vader,0.99665451,18882,0
1110000934,1120010096,PER,Jesar,0.999351919,713,0
1110000934,1120010096,PER,Zï¿½ï¿,0.999907613,53,0
1110000934,1120010096,PER,Lï¿½ï¿,0.999984264,974,0
1110000934,1120010096,PER,Lï¿½ï¿,0.999977469,17236,0
1110000934,1120010096,PER,Zï¿½ï¿,0.999984264,53,0
1110000934,1120010096,PER,Lï¿½ï¿½,0.999902964,20490,0
1110000934,1120010096,LOC,Mï¿½ï¿½llers Aho,0.999954224,20682,0
1110000934,1120010096,PER,Mï¿½ï¿½llerkn,0.999447525,20699,0
1110000934,1120010096,PER,Allgomein,0.999903679,20791,0
1110000934,1120010096,PER,Zï¿½ï¿,0.999985218,53,0
1110000934,1120010096,PER,Fritz,0.999648452,12441,0
1110000934,1120010096,PER,Fritzen,0.999825418,20941,0
1110000934,1120010096,PER,Fritz,0.9992342,12441,0
1110000934,1120010096,PER,Zaruekow,0.999979377,21005,0
1110000934,1120010096,PER,Zï¿½ï¿,0.999982953,53,0
1110000934,1120010096,MISC,Thaler,0.999984145,21192,0
1110000934,1120010096,PER,Zï¿½ï¿,0.99998498,53,0
1110000934,1120010096,PER,Paulus,0.999987602,21311,0
1110000934,1120010096,LOC,Paris,0.999925017,21364,0
1110000934,1120010096,PER,Heinerich,0.999992371,21467,0
1110000934,1120010096,PER,Zï¿½ï¿,0.99998939,53,0
1110000934,1120010096,PER,Zï¿½ï¿,0.999987245,53,0
1110000934,1120010096,PER,Kirch Jesar,0.965072095,22039,0
1110000934,1120010096,PER,Kirch-Zesar,0.998109102,13113,0
1110000934,1120010096,PER,K. Fesar,0.998215109,22203,0
1110000934,1120010096,PER,K,0.99993217,158,0
1110000934,1120010096,PER,Jesar,0.999626637,713,0
1110000934,1120010096,PER,Zï¿½ï¿,0.999976397,53,0
1110000934,1120010096,LOC,engelland,0.999958515,22406,0
1110000934,1120010096,LOC,Engelland,0.999991536,22417,0
1110000934,1120010096,PER,Zï¿½ï¿,0.999904513,22578,0
1110000934,1120010096,LOC,Rahmeltskirchen,0.99997437,22604,0
1110000934,1120010096,PER,Chausseew,0.999971151,22718,0
1110000934,1120010096,PER,Zï¿½ï¿,0.999775469,53,0
1110000934,1120010096,PER,Chausseew,0.999974847,22718,0
1110000934,1120010096,PER,frï¿½ï¿½mel,0.988245487,22965,0
1110000934,1120010096,PER,Hagenow,0.999990106,810,0
1110000934,1120010096,PER,R. Jesar,0.999870777,16773,0
1110000934,1120010096,PER,Hagenow,0.999989271,810,0
1110000934,1120010096,PER,H. Jesar,0.999954462,23685,0
1110000934,1120010096,PER,Hag,0.999985576,166,0
1110000934,1120010096,PER,Anna,0.999992371,2068,0
1110000934,1120010096,PER,Anna,0.999992728,2068,0
1110000934,1120010096,PER,R. Jesar,0.999927938,16773,0
1110000934,1120010096,PER,Juar,0.977631032,24630,0
1110000934,1120010096,MISC,Thaler,0.99998343,21192,0
1110000934,1120010096,PER,Marie,0.999979496,13130,0
1110000934,1120010096,PER,Multer,0.995066881,24812,0
1110000934,1120010096,PER,Emina,0.999985456,25064,0
1110000934,1120010096,LOC,Zï¿½ï¿½,0.996983588,25106,0
1110000934,1120010096,PER,Anna,0.999972463,2068,0
1110000934,1120010096,PER,Zusow,0.99992907,12241,0
1110000934,1120010096,LOC,Linow,0.99993813,25982,0
1110000934,1120010096,PER,Zï¿½ï¿,0.999988556,53,0
1110000934,1120010096,PER,Zï¿½ï¿,0.999969244,53,0
1110000934,1120010096,LOC,Hagenow,0.999982834,810,0
1110000934,1120010096,LOC,Lï¿½ï¿,0.999989748,17236,0
1110000934,1120010096,PER,Anna,0.999601066,2068,0
1110000934,1120010096,PER,Anna,0.999976635,2068,0
1110000934,1120010096,PER,Anna,0.999789178,2068,0
1110000934,1120010096,PER,Anna,0.998358905,2068,0
1110000934,1120010096,PER,Anna,0.999979496,2068,0
1110000934,1120010096,PER,Anna,0.999977708,2068,0
1110000934,1120010096,PER,Anna,0.999970555,2068,0
1110000934,1120010096,LOC,Zï¿½ï¿,0.999978185,53,0
1110000934,1120010096,PER,Anna,0.999786913,2068,0
1110000934,1120010096,LOC,Zï¿½ï¿,0.999972463,53,0
1110000934,1120010096,LOC,Hagenow,0.999873519,810,0
1110000934,1120010096,PER,Rose,0.999986768,7003,0
1110000934,1120010096,PER,Raus,0.998925745,28212,0
1110000934,1120010096,PER,Rose,0.999989152,7003,0
1110000934,1120010096,PER,Kaus,0.999980569,28599,0
1110000934,1120010096,PER,R.,0.99992311,16773,0
1110000934,1120010096,PER,R,0.997692227,2612,0
1110000934,1120010096,PER,R.,0.999927044,16773,0
1110000934,1120010096,PER,R.,0.999805868,16773,0
1110000934,1120010096,PER,R.,0.999776423,16773,0
1110000934,1120010096,PER,R.,0.999824822,16773,0
1110000934,1120010096,PER,Ros,0.999975562,7003,0
1110000934,1120010096,PER,Jesar,0.982584298,713,0
1110000934,1120010096,PER,Wagenwulf,0.999912977,25137,0
1110000934,1120010096,PER,Wagenw.,0.999906898,29430,0
1110000934,1120010096,PER,Wagenw.,0.999910474,29430,0
1110000934,1120010096,PER,K.,0.999458373,22203,0
1110000934,1120010096,LOC,Ninive,0.99993968,29611,0
1110000934,1120010096,LOC,Nenive,0.999970675,29639,0
1110000934,1120010096,LOC,Ninive,0.999971509,29611,0
1110000934,1120010096,PER,Adam,0.999982953,30052,0
1110000934,1120010096,PER,Adam,0.999977231,30052,0
1110000934,1120010096,LOC,Hagenow,0.999962568,810,0
1110000934,1120010096,PER,Binka,0.999930143,30558,0
1110000934,1120010096,PER,Zinka,0.99965322,30581,0
1110000934,1120010096,MISC,Zizikniknibibliabenka,0.999203146,30604,0
1110000934,1120010096,PER,Binka,0.999959707,30558,0
1110000934,1120010096,PER,Zizikniknibibliabinka,0.988260031,30703,0
1110000934,1120010096,PER,Zï¿½ï¿,0.999976516,53,0
1110000934,1120010096,PER,Goldberg,0.99999249,3444,0
1110004670,1120010862,DATE,24.12.91,1,14,0
1110004670,1120010862,LOC,Reinshagen,0.999993324,0,0
1110004670,1120010863,LOC,Reinshagen,0.956275344,25,0
1110004670,1120010863,PER,Edelmann,0.999979973,125,0
1110004670,1120010863,PER,Faldari,0.993892193,145,0
1110004670,1120010863,PER,Faldari,0.995782375,145,0
1110004670,1120010863,PER,Edelmann,0.999979019,125,0
1110004670,1120010863,PER,Faldari,0.999604762,145,0
1110004670,1120010863,PER,Edelmann,0.999957323,125,0
1110004670,1120010863,PER,Faldari,0.999848127,145,0
1110004670,1120010863,PER,Faldari,0.962223411,145,0
1110004670,1120010863,PER,Haldari,0.999524117,599,0
1110004670,1120010863,PER,Edelmann,0.999951124,125,0
1110004670,1120010863,PER,Waldari,0.999212742,811,0
1110004670,1120010863,MISC,Hanmel,0.960210443,833,0
1110004670,1120010863,PER,Faldari,0.99551183,145,0
1110004670,1120010863,PER,Edelmann,0.999968171,125,0
1110004670,1120010863,PER,Edelmann,0.999977112,125,0
1110004670,1120010863,PER,Haldari,0.999438226,599,0
1110004670,1120010863,PER,Haldari,0.9995628,599,0
1110004670,1120010863,PER,Edelmann,0.999953032,125,0
1110004670,1120010863,PER,Ilh,0.986795306,1274,0
1110004670,1120010863,MISC,Danamit,0.999335468,1308,0
1110004670,1120010863,MISC,Demannt,0.998424888,1374,0
1110004670,1120010863,PER,Faldari,0.999021411,145,0
1110004670,1120010863,PER,Ofaldari,0.997834027,1571,0
1110004670,1120010863,PER,Fald,0.99979347,145,0
1110004670,1120010863,PER,Faldari,0.997364461,145,0
1110004670,1120010863,PER,bldari,0.990948737,1865,0
1110004670,1120010863,PER,Edelmann,0.998139739,125,0
1110004670,1120010863,MISC,Thaler,0.999987245,2367,0
1110004670,1120010863,MISC,Thaler,0.999988198,2367,0
1110004670,1120010863,PER,Emer,0.999908328,3126,0
1110004670,1120010863,PER,Ernerug,0.998317122,3185,0
1110004670,1120010863,PER,Friedrich Friedrich,0.999941766,3521,0
1110004670,1120010863,PER,Liesbeth,0.999984145,3647,0
1110004670,1120010863,PER,Jott,0.99997592,3665,0
1110004670,1120010863,PER,Klung,0.999967694,3671,0
1110004670,1120010863,PER,Hans,0.999984741,3751,0
1110004670,1120010863,PER,Greten,0.999986172,3759,0
1110004670,1120010863,PER,Hans,0.999699473,3751,0
1110004670,1120010863,PER,Greten,0.999983311,3759,0
1110004670,1120010863,PER,Hans,0.998098075,3751,0
1110004670,1120010863,PER,Hans,0.999939442,3751,0
1110004670,1120010863,PER,Greten,0.999971747,3759,0
1110004670,1120010863,PER,Jefann,0.999948621,3932,0
1110004670,1120010863,PER,Durnenbusch,0.999741375,4034,0
1110004670,1120010863,PER,Jehann,0.999975443,4054,0
1110004670,1120010863,PER,Johann,0.999909878,4080,0
1110004670,1120010863,PER,Lottingan,0.99929297,5096,0
1110004670,1120010863,PER,Lotte,0.999821126,5149,0
1110004670,1120010863,LOC,Brummelbeerbusch,0.998623967,5333,0
1110004670,1120010863,PER,Heidittellitt,0.966191292,5404,0
1110004670,1120010863,PER,Marikis,0.999424696,5418,0
1110004670,1120010863,PER,Marik,0.999956489,4816,0
1110004670,1120010863,PER,Hans,0.999904275,3751,0
1110004671,1120010864,PER,Brod,0.998741567,221,0
1110004671,1120010864,PER,Heimrich,0.996348083,735,0
1110004671,1120010864,PER,Heimrich Stoggtaeu,0.999628931,752,0
1110004671,1120010864,PER,G. C. H,0.99963518,843,0
1110004671,1120010864,PER,Lockgott,0.976115763,1188,0
1110004671,1120010864,PER,Ulrich,0.999982953,1488,0
1110004671,1120010864,PER,Ulrich,0.999974489,1488,0
1110004671,1120010864,PER,Kindting,0.996794403,3109,0
1110004671,1120010864,MISC,Reorlgonne,0.990836024,3226,0
1110004671,1120010864,PER,Henburg,0.961735845,3309,0
1110004671,1120010864,PER,Oevelgï¿½ï,0.999601424,3423,0
1110004671,1120010864,PER,Oovelgï¿½ï,0.999187529,3566,0
1110004671,1120010864,PER,Blrick,0.999812901,3954,0
1110004671,1120010864,PER,Porentin,0.998637855,4054,0
1110004671,1120010864,PER,Durun,0.997838795,4297,0
1110004671,1120010864,PER,Gott,0.998633802,4441,0
1110004671,1120010864,PER,Oeter,0.983412623,4484,0
1110004671,1120010864,PER,Gott,0.999878526,4441,0
1110004671,1120010864,PER,Muitter,0.999948382,4628,0
1110004671,1120010864,PER,M.,0.987086117,4643,0
1110004671,1120010864,PER,Bleich,0.999988675,4756,0
1110004671,1120010864,PER,Ulrich,0.999989748,1488,0
1110004671,1120010864,PER,Bruter,0.999839544,4864,0
1110004671,1120010864,PER,Ulrich,0.999989748,1488,0
1110004671,1120010864,PER,Harick,0.999373496,8440,0
1110004671,1120010864,LOC,Klocksieben,0.999976993,8561,0
1110004671,1120010864,LOC,Helter Mï¿½ï¿,0.999967337,8594,0
1110004671,1120010864,LOC,Hepenmï¿½ï¿,0.999977589,8614,0
1110004671,1120010864,PER,Harnes,0.999990821,9274,0
1110004671,1120010864,PER,Harms,0.999892116,9592,0
1110004671,1120010864,LOC,Bellin,0.999967575,10073,0
1110004671,1120010864,LOC,Gustrow,0.999981046,10084,0
1110004671,1120010864,PER,Harms,0.999987125,9592,0
1110004671,1120010864,PER,Mosen,0.999156952,10864,0
1110004678,1120010897,LOC,Stavenhagen,0.999992013,0,0
1110004678,1120010897,PER,K. Altmï¿½ï¿½,0.999992609,1153,0
1110004678,1120010898,DATE,10.11.12,1,525,0
1110004678,1120010898,LOC,Engeland,0.999995589,166,0
1110004678,1120010898,LOC,Engeland,0.99999547,166,0
1110004678,1120010898,LOC,Anurika,0.999857068,451,0
1110004678,1120010898,PER,Maria,0.999974251,645,0
1110004678,1120010898,PER,Joseph,0.999969721,655,0
1110004678,1120010898,PER,Flessengorn,0.999945998,1303,0
1110004678,1120010899,MISC,Mark,0.999991059,904,0
1110004678,1120010899,PER,Molle,0.987035334,1332,0
1110004678,1120010899,LOC,Kiwittsberg,0.986693919,1864,0
1110004678,1120010899,PER,Johann Brandt,0.99999702,2412,0
1110004678,1120010899,PER,Karlier,0.999953985,2586,0
1110004678,1120010899,PER,Korlan,0.999906421,2595,0
1110004678,1120010899,PER,Korlin,0.99991107,2750,0
1110004678,1120010899,PER,Stavenhagen,0.962372899,3063,0
1110004678,1120010899,PER,Petres,0.99976331,3316,0
1110004678,1120010899,PER,Petrus Paulus,0.999472409,4976,0
1110004678,1120010899,LOC,Paris,0.999742925,5025,0
1110004678,1120010899,PER,Heinerich,0.999971151,5104,0
1110004678,1120010899,PER,Bï¿½,0.999010205,5263,0
1110004678,1120010899,PER,Jochen,0.999819815,5519,0
1110004678,1120010899,PER,Pochen,0.99975878,5527,0
1110004678,1120010899,PER,Wilsch,0.99970156,5787,0
1110004678,1120010899,PER,Wittsch,0.999987125,5801,0
1110004678,1120010899,PER,Wiltsch,0.976261735,5910,0
1110004678,1120010899,PER,Wittsch,0.996549487,5801,0
1110004678,1120010899,PER,Willsch,0.991273701,5960,0
1110004678,1120010899,MISC,Mark,0.999964833,904,0
1110004678,1120010899,LOC,Engeland,0.999994636,7599,0
1110004678,1120010899,LOC,Engeland,0.999995112,7599,0
1110004819,1120008934,DATE,6. V. 1912,1,32,0
1110004819,1120008934,LOC,Gï¿½ï¿½s,0.999989867,0,0
1110004819,1120008934,PER,Barnewitz,0.999988556,44,0
1110004819,1120008934,ORG,Vereins fï¿½ï¿½r Meckbu bï¿½ï¿½rgische Geschichte und Aetert,0.999972497,518,0
1110004819,1120008934,PER,H.,0.996039271,663,0
1110004819,1120008934,PER,Barnewitz,0.985230744,44,0
1110004819,1120009704,PER,Gï¿½ï,0.993113101,0,0
1110004819,1120009704,MISC,Zobeltik,0.957126498,381,0
1110004819,1120009704,LOC,Gï¿½ï¿½s,0.999995232,716,0
1110004819,1120009704,PER,Heines dei Gï¿½ï¿½s,0.999967019,1055,0
1110004819,1120009704,PER,B. Woserin,0.998753399,1651,0
1110004819,1120009704,PER,Birt Holt,0.999472648,2212,0
1110004819,1120009704,LOC,Rostock,0.999995708,3168,0
1110004819,1120009704,LOC,Gï¿½ï¿½s,0.998991549,716,0
1110004819,1120009704,LOC,Singske,0.995264888,5569,0
1110004819,1120009704,LOC,Gï¿½ï¿½s,0.996952415,716,0
1110004819,1120009704,PER,Argel,0.968437016,5725,0
1110004819,1120009704,PER,Eengel,0.993069828,5775,0
1110004819,1120009704,PER,Mï¿½ï¿½,0.999983191,5938,0
1110004819,1120009704,PER,Schuber,0.999783099,5947,0
1110004819,1120009704,PER,Jï¿½ï¿½rg,0.993136883,6222,0
1110004819,1120009704,PER,Hans,0.998613954,6488,0
1110004819,1120009704,PER,Hans,0.996751428,6488,0
1110004819,1120009704,PER,B,0.998688877,1651,0
1110004819,1120009704,PER,Woserin,0.989714682,830,0
1110004819,1120009704,PER,B,0.98073709,1651,0
1110004819,1120009704,PER,Woserin,0.983217955,830,0
1110004819,1120009704,PER,Pfarswohl,0.990016043,7581,0
1110004819,1120009704,PER,Autmann,0.999953151,7623,0
1110004819,1120009704,PER,Ann,0.989927292,2573,0
1110004819,1120009704,PER,Karl,0.999990702,8145,0
1110004819,1120009704,PER,Karl,0.999988794,8145,0
1110004820,1120009706,DATE,25. VI. 1913,1,16,0
1110004820,1120009706,LOC,Gï¿½ï¿½s,0.999996066,0,0
1110004820,1120009706,PER,Barnwitz,0.999985337,38,0
1110004820,1120009706,PER,H. Barnewitz,0.999976575,365,0
1110004820,1120009707,LOC,Rostock,0.999996662,334,0
1110004820,1120009707,LOC,Sankelow,0.986360908,368,0
1110004820,1120009707,LOC,Teterow,0.999988198,544,0
1110004820,1120009707,PER,Hawermann,0.999550045,575,0
1110004820,1120009707,LOC,Teterow,0.99999094,544,0
1110004820,1120009707,PER,KreynStuch,0.99998033,820,0
1110004820,1120009707,LOC,Schleswig Holstein,0.995645702,1018,0
1110004820,1120009707,LOC,Merklenburg,0.999991298,1081,0
1110004820,1120009707,LOC,Teterow,0.999990225,544,0
1110004820,1120009707,PER,Eeddelmann,0.999762475,1240,0
1110004820,1120009707,PER,Gdelelmann,0.998017073,1252,0
1110004820,1120009707,LOC,Rostock,0.999992728,334,0
1110004820,1120009707,PER,Klaber,0.992919028,1544,0
1110004820,1120009707,LOC,Teterow,0.999992728,544,0
1110004820,1120009707,PER,Klaber,0.998091519,1544,0
1110004820,1120009707,PER,Gï¿½ï¿½s,0.999937057,1759,0
1110004820,1120009707,PER,Klaber,0.988143027,1544,0
1110004820,1120009707,PER,Klaber,0.999064386,1544,0
1110004820,1120009707,PER,Teterow,0.998758674,544,0
1110004820,1120009707,PER,Teterow,0.999328375,544,0
1110004820,1120009707,PER,Klaber,0.99615258,1544,0
1110004820,1120009707,LOC,Gaegelowsch Kirch,0.998255759,2189,0
1110004820,1120009707,PER,Woserin,0.999924779,232,0
1110004820,1120009707,PER,Woserin,0.999832392,232,0
1110004820,1120009707,PER,Woserin,0.999759972,232,0
1110004820,1120009707,PER,Klaber,0.997627556,1544,0
1110004820,1120009707,LOC,Rostock,0.999995232,334,0
1110004820,1120009707,PER,S.,0.999287069,2721,0
1110004820,1120009707,PER,B,0.999725997,153,0
1110004820,1120009707,PER,Schautung,0.999898553,2983,0
1110004820,1120009707,PER,Parchim,0.999958634,3079,0
1110004820,1120009707,PER,Parchim,0.999956489,3079,0
1110004820,1120009707,PER,Parchim,0.999730289,3079,0
1110004820,1120009707,LOC,Gï¿½ï¿½s,0.999984741,1759,0
1110004820,1120009707,PER,Klaber,0.956996381,1544,0
1110004820,1120009707,LOC,Gï¿½ï¿½s,0.999904513,1759,0
1110004820,1120009707,LOC,Schwerin,0.99995327,3861,0
1110004820,1120009707,PER,Propost,0.999882579,3969,0
1110004820,1120009707,PER,Propost,0.999901772,3969,0
1110004820,1120009707,PER,Propost,0.999918342,3969,0
1110004820,1120009707,LOC,Rostock,0.999996781,334,0
1110004821,1120009708,DATE,27. X. 1913,1,258,0
1110004821,1120009708,PER,Hencheley,0.965868652,233,0
1110004821,1120009708,LOC,Gï¿½ï¿½s,0.999996185,246,0
1110004821,1120009708,PER,Barnewitz,0.999939919,274,0
1110004821,1120009708,MISC,Sï¿½ï¿½hne der Sch,0.999925812,1037,0
1110004821,1120009708,PER,Barnewitz,0.999977589,274,0
1110004821,1120009709,PER,Parchim,0.999954939,103,0
1110004821,1120009709,LOC,Recknitz,0.999996305,188,0
1110004821,1120009709,LOC,Recknitz,0.999996066,188,0
1110004821,1120009709,LOC,Gï¿½ï¿½s,0.968545794,351,0
1110004821,1120009709,PER,Christoffer,0.998021245,386,0
1110004821,1120009709,LOC,Gï¿½ï¿½s,0.999996901,351,0
1110004821,1120009709,PER,Woserin,0.970228493,484,0
1110004821,1120009709,PER,Parchim,0.999954462,103,0
1110004821,1120009709,LOC,Gï¿½ï¿½s,0.999991775,351,0
1110004821,1120009709,LOC,Gï¿½ï¿½s,0.999995708,351,0
1110004821,1120009709,LOC,Gï¿½ï¿½s,0.99999404,351,0
1110004821,1120009709,LOC,Rostock,0.99999702,823,0
1110004821,1120009709,PER,Math v Largermann,0.999960979,941,0
1110004821,1120009709,PER,Hannes,0.999901772,1044,0
1110004821,1120009709,LOC,Warnemï¿½ï¿,0.999991536,1105,0
1110004821,1120009709,PER,Woserin,0.96057868,484,0
1110004821,1120009709,PER,Woserin,0.997735262,484,0
1110004821,1120009709,PER,Woserin,0.999881029,484,0
1110004821,1120009709,PER,Woserin,0.999786198,484,0
1110004821,1120009709,LOC,Rostoch,0.963732362,2904,0
1110004821,1120009709,PER,Klaber,0.999787509,777,0
1110004821,1120009709,PER,Woserin,0.99972707,484,0
1110004821,1120009709,LOC,Schotssw,0.999957323,3241,0
1110004821,1120009709,LOC,Feilshof,0.999786437,3251,0
1110004821,1120009709,LOC,Kaber,0.999858499,3601,0
1110004821,1120009709,LOC,Klaber,0.999887586,777,0
1110004821,1120009709,LOC,Mamerow,0.999888182,3698,0
1110004821,1120009709,LOC,HaberschenKischhof,0.999962211,3777,0
1110004821,1120009709,LOC,Rostock,0.999996066,823,0
1110004821,1120009709,LOC,Klaber,0.997257292,777,0
1110004821,1120009709,PER,Volkamund,0.999940395,4476,0
1110004821,1120009709,PER,Dickbick,0.99996686,4591,0
1110004821,1120009709,PER,Klaber,0.990591347,777,0
1110004821,1120009709,LOC,Warnemunde,0.999997139,4838,0
1110004821,1120009709,LOC,Warnemï¿½ï¿,0.999996901,1105,0
1110004821,1120009709,LOC,Rostock,0.999997139,823,0
1110004821,1120009709,LOC,Rostock,0.999997258,823,0
1110004821,1120009709,LOC,Rostock,0.999975204,823,0
1110004821,1120009709,LOC,Warnemï¿½ï¿,0.999996662,1105,0
1110004821,1120009709,LOC,Wornemunde,0.999989152,5740,0
1110004821,1120009709,LOC,Mï¿½ï¿½n,0.99996531,5780,0
1110004821,1120009709,ORG,KII,0.980478704,1165,0
1110004821,1120009709,PER,Parchim,0.999787152,103,0
1110004821,1120009709,PER,A. W.,0.95860368,6281,0
1110004821,1120009709,LOC,Rostock,0.999996543,823,0
1110004821,1120009709,LOC,Malchin,0.999920726,6560,0
1110004821,1120009709,LOC,Malchin,0.999985814,6560,0
1110004821,1120009709,ORG,VW,0.999637604,6972,0
1110004830,1120009722,PER,Gott,0.984360754,12,0
1110004830,1120009722,PER,Dant,0.999681473,21,0
1110004830,1120009722,PER,Barnewitz,0.999984264,388,0
1110004830,1120009722,LOC,Barnewitz,0.999785125,388,0
1110004830,1120009723,LOC,Rostock,0.999993682,281,0
1110004830,1120009723,PER,Jerhn Sirdl,0.999824077,655,0
1110004830,1120009723,LOC,Rostock,0.999994993,281,0
1110004830,1120009723,LOC,Rostock,0.999992967,281,0
1110004830,1120009723,LOC,Rostock,0.999989748,281,0
1110004830,1120009723,PER,Vadder,0.999979377,1961,0
1110004830,1120009723,PER,Muelder,0.99996531,2041,0
1110004830,1120009723,PER,Muelder,0.999979138,2041,0
1110004831,1120009724,DATE,21. I. 1919,1,346,0
1110004831,1120009724,PER,H Barnewitz   Klaber,0.999963601,306,0
1110004831,1120009724,LOC,Lalendorf,0.999992371,331,0
1110004831,1120009724,LOC,Merklenburg,0.999991536,1274,0
1110004832,1120009725,DATE,30. III. 1919,1,112,0
1110004832,1120009725,PER,H. Barnewitz,0.999956369,82,0
1110004832,1120009725,LOC,Greifswald,0.999994993,97,0
1110004832,1120009725,PER,Barnewitz,0.996554852,85,0
1110004832,1120009725,PER,Beltz,0.999991059,488,0
1110004832,1120009725,LOC,Greifswald,0.999994159,97,0
1110005711,1120011142,DATE,08.10.1891,1,511,0
1110005711,1120011142,PER,Gyrnasiellhar Wossidlo,0.999990702,26,0
1110005711,1120011142,PER,H. Wyhl,0.999991834,81,0
1110005711,1120011142,PER,K. Anders,0.998268306,497,0
