Brief ID,Type,Entity,Position,Distance
0001,PER,Dr. R. Wossidlo,29,0
0001,MISC,Forsehungs¬,409,0
0001,LOC,Dürfen,441,0
0001,LOC,Benu¬,542,0
0001,PER,Antti Aarne,745,0
0001,LOC,Askov,773,0
0001,LOC,Danmark,780,0
0001,LOC,Berlin,791,0
0001,PER,mei¬,850,0
0001,LOC,Fintondu,1043,0
0001,LOC,Ferm,1082,0
0001,MISC,GutenTag,1127,0
0001,PER,"Antti Aarne
Adr",1424,0
0001,PER,Gonthinerstr,1458,0
0001,LOC,Berlin,1475,0
0001,LOC,Berlin,1485,0
0001,MISC,EEmpfangen,1535,0
0001,MISC,"Ich hobe obes
mir",1690,0
0001,LOC,Grüssen,1893,0
0001,PER,Antti Aarne,1915,0
0001,LOC,Genthinerstr,1928,0
0001,LOC,Berlin,1954,0
0001,LOC,Berlin,1970,0
0001,LOC,Met,2342,0
0001,LOC,Grüssen,2359,0
0001,PER,"Antti Aarne
Adr",2371,0
0001,LOC,Genthinerstr,2389,0
0001,LOC,Berlin,2415,0
0001,PER,R. Wossidlo,2453,0
0001,LOC,ecklenburg,2535,0
0003,ORG,Brrmsilber¬,265,0
0003,PER,Meklenburger Tygen,403,0
0003,LOC,Fran Dr. Ahlers,591,0
0004,DATE,19.07.1904,469,0
0004,ORG,Sehogeehrter Herr,0,0
0004,LOC,Chausibür,270,0
0004,MISC,deutsches,292,0
0004,PER,O. Schnäckevon,353,0
0004,PER,"Marie Ahlfeld
p. A. Hl",434,0
0004,LOC,Malchin,494,0
0005,DATE,16. Juli. 1938,36,0
0005,LOC,Berlin,0,0
0005,LOC,Landshuterspr,14,0
0005,LOC,anl,289,0
0005,MISC,"D.
Tischblin",337,0
0005,LOC,Alhorn,384,0
0005,LOC,Ahlhorn,410,0
0005,LOC,Nanens,468,0
0005,MISC,Oldenburgischen,487,0
0005,LOC,Ellerhorne,591,0
0005,LOC,Ohlhorne,640,0
0005,LOC,Landschitz,697,0
0005,LOC,Alachhorna,748,0
0005,ORG,Adalhorn,888,0
0005,LOC,Syke,922,0
0005,MISC,oldenbigischen Heimmet,1031,0
0005,LOC,anl,1138,0
0005,LOC,müße¬,1159,0
0005,LOC,Altorn,1165,0
0005,LOC,Zeil,1381,0
0006,PER,Paul Ahrend,62,0
0006,LOC,ver¬,158,0
0006,MISC,heimatpräß,533,0
0006,PER,thram mith,843,0
0006,MISC,Aus¬,931,0
0006,ORG,uun,998,0
0006,PER,Thuel,1028,0
0006,PER,Nahr Rapt,1101,0
0007,DATE,27. Jan. 1908,109,0
0007,LOC,Heimatbund Mecklenburg,247,0
0007,PER,F. Ahrendt,330,0
0007,PER,Hochachtungsvolls,342,0
0009,LOC,Rostock,0,0
0009,MISC,Getärts¬,119,0
0009,PER,Beudk,264,0
0009,LOC,E,300,0
0009,LOC,Bewüßtsein ver¬,428,0
0009,PER,Heinrich Altvater,670,0
0012,PER,Herre,10,0
0012,PER,Richard Wossidlo,126,0
0012,LOC,Mecklenburg,161,0
0012,LOC,Wilhelmshaven,200,0
0012,PER,Brä¬,481,0
0012,LOC,Noliz,526,0
0012,PER,Draeger,611,0
0012,MISC,Gymna¬,645,0
0012,PER,Exemplan,722,0
0012,ORG,Papolleren¬,762,0
0012,LOC,Osterferien,824,0
0012,LOC,Markoldendorf,840,0
0012,MISC,Kr,855,0
0012,MISC,Einbect,859,0
0012,PER,zu¬,888,0
0012,LOC,Markoldendorf,961,0
0012,LOC,Einbeck,979,0
0012,PER,Eumr Hochwohlgeboren,1000,0
0012,LOC,Jhonn,1064,0
0012,PER,Srolf,1148,0
0012,PER,Lamm,1155,0
0012,PER,Bohl,1163,0
0012,LOC,Volksgüt,1455,0
0012,PER,August Andraes,1588,0
0014,DATE,15.12.1906,9,0
0014,LOC,München,0,0
0014,PER,ERlEORIcHGRASsE s.,20,0
0014,ORG,RostockeUniversität,114,0
0014,PER,Ihnee,339,0
0014,PER,Marie Eysn,550,0
0014,MISC,"Volkskund¬


lichen Beobachtungen",570,0
0014,ORG,ver¬,725,0
0014,ORG,Wri¬,1014,0
0014,PER,vie erstins,1044,0
0014,LOC,Pocke,1147,0
0014,LOC,MüNcHEN,1167,0
0014,ORG,FRIEORICHSTRASSE,1176,0
0014,LOC,JJedenfalls,1215,0
0014,MISC,"photo¬
grophiren",1376,0
0014,ORG,Volkskun¬,1477,0
0014,ORG,de-Musium,1487,0
0014,LOC,Stopensagen,1500,0
0014,LOC,Deutschland,1545,0
0014,LOC,sterst,1629,0
0014,LOC,Stingeln,1653,0
0014,ORG,Denk,1835,0
0014,PER,Hochachtungsvollst,1841,0
0014,ORG,tund,1911,0
0014,LOC,Ue¬,1995,0
0014,PER,Mein Mann,2155,0
0014,LOC,bistens,2172,0
0014,MISC,Gust,2344,0
0014,LOC,Matnials,2478,0
0014,PER,Magnus,2543,0
0014,MISC,hessischen,2557,0
0014,PER,Riherd,2673,0
0014,PER,Marie Andree,2719,0
0015,LOC,Königreich Bayern,0,0
0015,MISC,"Un
Herrn Dr.",28,0
0015,PER,Richard Wossidlo,41,0
0015,LOC,Mecklenburg,72,0
0015,ORG,fin¬,247,0
0015,LOC,sud,256,0
0015,LOC,Bartih,288,0
0015,LOC,olden¬,387,0
0015,ORG,W. Schweiz,572,0
0015,ORG,Hochachtig,626,0
0015,PER,Richard Andree,637,0
0015,PER,Wossidho,699,0
0015,LOC,Mecklenberg,735,0
0015,ORG,GLOBUS,922,0
0015,PER,Richard Andree,934,0
0015,LOC,Braunschweig,950,0
0015,LOC,Bandes,1026,0
0015,ORG,Mecklen¬,1039,0
0015,PER,ver¬,1102,0
0015,MISC,ärmar,1348,0
0015,LOC,Globus,1405,0
0015,LOC,München,1646,0
0015,LOC,Frinderhstr,1668,0
0015,MISC,Herr Doctor,1697,0
0015,MISC,gedechliches,1758,0
0015,LOC,Medelinkurger,1834,0
0015,ORG,"deutschen Artheozel¬
Geh",1923,0
0015,MISC,Ru8,2047,0
0015,LOC,Straßbey,2060,0
0015,PER,Richard Andree,2158,0
0015,LOC,München,2175,0
0015,LOC,Rathra,2196,0
0015,LOC,Frindrichstr,2203,0
0015,ORG,"Sonder¬
abdrudes meiner",2316,0
0015,LOC,Ihren Witte,2591,0
0015,PER,Richard Andree,2679,0
0015,LOC,Königreich Bayern,2697,0
0015,PER,Dr. R. Wossidlo,2737,0
0015,LOC,Mecklenberg,2759,0
0016,LOC,Bonn,0,0
0016,ORG,Jactirter Herr!,25,0
0016,LOC,lan¬,112,0
0016,ORG,Leit Hrank,123,0
0016,PER,Uebrigens,139,0
0016,PER,Verzeichmis,169,0
0016,LOC,Hamburg,463,0
0016,LOC,Bonn,503,0
0016,MISC,Programm¬,613,0
0016,LOC,Mich,721,0
0016,LOC,Oodaan,912,0
0016,LOC,DEUrscHE REIcHsPoSF,1216,0
0016,ORG,HerrnGysnnassallekrer R. Wossidlo,1254,0
0016,LOC,Mecktenburg,1297,0
0016,ORG,Deutsche Reichspost,1341,0
0016,MISC,"Ar
Meen
Herrn Gymnasiallehrer",1382,0
0016,PER,R. Wossidto,1413,0
0016,LOC,Meuskenburg,1439,0
0017,PER,Leitmeritz,0,0
0017,LOC,Leperatebdrücke,118,0
0017,PER,Vielley,370,0
0017,PER,Desselbe,569,0
0017,LOC,Bestlöseraine,649,0
0017,PER,Heinrich,859,0
0017,LOC,Leitmeritz,870,0
0017,PER,Excuraicusolut,1447,0
0017,PER,zu¬,1472,0
0017,LOC,Mittheiluiig,1507,0
0017,LOC,weh¬,1599,0
0017,LOC,Mecklenburg,1725,0
0017,PER,Denzen,1829,0
0017,PER,freundlishe,1916,0
0017,PER,Haron,1976,0
0017,PER,Peters,1988,0
0017,PER,Heinrich,2132,0
0017,PER,Her R. Wossidlo,2206,0
0017,LOC,"Wossiolo
Eern e
Oberlehrer",2316,0
0017,LOC,Mecklenburg,2362,0
0017,LOC,I7,2379,0
0017,LOC,Borrespondenz-Marte,2401,0
0017,LOC,Mecklenburg,2477,0
0017,LOC,Leitmeritz,2501,0
0017,LOC,Lep,2620,0
0017,LOC,Abdruckes,2625,0
0017,LOC,Notitz,2650,0
0017,PER,Rochholz Alemanisches,2693,0
0017,LOC,Schweiz Lipzig,2749,0
0017,LOC,deuths,2800,0
0017,LOC,Struichke,2826,0
0017,MISC,deutsche,2846,0
0017,PER,Mechlenburg XVII,2977,0
0017,MISC,"Jassungen
Dar Märchen",3032,0
0017,PER,Knder,3161,0
0017,ORG,Reslams Verlag,3182,0
0017,MISC,pag,3204,0
0017,LOC,Obetleh¬,3509,0
0017,PER,Peteos,3798,0
0017,LOC,Leitmeritz,3879,0
0017,MISC,Rälhoel,4018,0
0017,PER,Ausnesme,4166,0
0017,MISC,Panzer I269,4203,0
0017,PER,Hermann Meier,4218,0
0017,PER,Knolde I.,4403,0
0017,MISC,Kinder¬,4431,0
0017,LOC,Böhmen,4463,0
0017,LOC,Riesengebirge,4482,0
0017,LOC,B Leipa,4573,0
0017,LOC,Tuk,4718,0
0017,LOC,Tuk,4723,0
0017,LOC,Tuk,4728,0
0017,PER,Bin der Mann,4805,0
0017,LOC,Berg eihahn,4940,0
0017,LOC,Ei,4954,0
0017,LOC,Berlin,4965,0
0017,LOC,Berlin,4985,0
0017,LOC,Berlin,5005,0
0017,MISC,Das rathen mir drei Taye,5030,0
0017,MISC,Uro 962,5071,0
0017,LOC,Erde,5126,0
0017,PER,Unr,5196,0
0017,PER,-Dann werd,5229,0
0017,LOC,dan,5293,0
0017,MISC,Mitthei¬,5458,0
0017,LOC,Kohtel,5558,0
0017,ORG,Vereines,5608,0
0017,PER,XVII Jahrgan,5854,0
0017,MISC,XVIII,5911,0
0017,MISC,Jehrg,5918,0
0017,MISC,Tage i Nypnoti,5934,0
0017,MISC,Auichaer Krippenspiel,5954,0
0017,PER,Dri Königepiel,5977,0
0017,PER,Jeuer,6009,0
0017,LOC,Voelssugen,6096,0
0017,MISC,XIX,6107,0
0017,PER,mir mihuthelle,6380,0
0017,PER,Jahrgag Kohtel,6428,0
0017,MISC,XII,6669,0
0017,MISC,Ad-6,6674,0
0017,ORG,1C,6750,0
0017,PER,Herrn R. Wossiolo,6753,0
0017,LOC,Waren,6791,0
0017,LOC,Mecklenburg,6797,0
0017,PER,Wossidlo,6865,0
0017,LOC,Waren,6896,0
0017,LOC,Meckeenburg,6903,0
0017,ORG,XII,6926,0
0017,PER,Cot7.,6931,0
0017,LOC,dd722171,6962,0
0017,LOC,Meckeenburg,7039,0
0017,ORG,KII,7052,0
0017,LOC,Leitmeritz,7069,0
0017,LOC,deutseten Bergen,7179,0
0017,ORG,Meines,7304,0
0017,LOC,Oschitz,7562,0
0017,PER,B. Leipa,7590,0
0017,ORG,Brochur¬,7677,0
0017,PER,Grüf,7775,0
0017,LOC,Leitmeritz,7823,0
0017,LOC,Nordböhmen,8050,0
0017,ORG,flr,8069,0
0017,PER,pag,8135,0
0017,LOC,Mühen,8176,0
0017,PER,Schwedenkrauze,8318,0
0017,ORG,II-OO17,8376,0
0017,LOC,Leitmeritz,8519,0
0017,ORG,KA,8555,0
0017,PER,Richard Wossiolo,8588,0
0017,LOC,"W.
Uen
Nan
e
Mecklenburg",8619,0
0017,ORG,II.0017,8646,0
0017,LOC,Gorrespondenz-Marte,8669,0
0017,LOC,"W3.
inWaren",8722,0
0017,LOC,Micklei,8735,0
0017,ORG,K4,8749,0
0017,LOC,Gorrespondenz-Marte,8773,0
0017,LOC,At,8797,0
0017,PER,Richard Wossiolo,8807,0
0017,LOC,Mecklenburg,8842,0
0017,MISC,KII-,8859,0
0017,LOC,Meelenburg,9077,0
0017,LOC,Leitmeritz,9181,0
0017,LOC,Böhmen,9193,0
0017,LOC,Leitmeritz,9201,0
0018,LOC,Vulla,37,0
0018,MISC,benedictionum xcapularum,56,0
0018,MISC,ordinatus ad fügationem ra¬,104,0
0018,LOC,Anlaß,268,0
0018,MISC,"Disputation
weier Prieter",280,0
0018,LOC,Riga,309,0
0018,LOC,Detsch,419,0
0018,MISC,mittelalterlichen,516,0
0018,PER,Leonid Jun. Arbusow,797,0
0018,PER,Benediktionen von Schweinefleisd,819,0
0018,LOC,Benediktionsformeln,878,0
0018,MISC,Schwei¬,987,0
0018,LOC,scapulae,1007,0
0018,LOC,eigenl,1021,0
0018,PER,Schulterstümi,1030,0
0018,MISC,Ostern,1048,0
0018,MISC,"Seidensgeschichte
Christi",1075,0
0018,LOC,Frantat,1210,0
0018,LOC,scapur,1278,0
0018,LOC,grana projectio,1341,0
0018,LOC,mor¬,1372,0
0018,PER,"vitanda
",1418,0
0018,ORG,ac,1426,0
0018,PER,Iuillis,1488,0
0018,MISC,"que¬
tani benedictio",1520,0
0018,ORG,Ad,1621,0
0018,LOC,Tuiburg,1680,0
0018,PER,Herder,1689,0
0018,LOC,Bde,1705,0
0018,ORG,"Gesellschaft
Riga",1743,0
0018,LOC,Dommuseum,1762,0
0018,LOC,Russlands,1840,0
0018,PER,Hers,1868,0
0018,MISC,Was z. T. negative Resultat,1957,0
0018,LOC,caru,2085,0
0018,LOC,Sioland,2118,0
0018,PER,L. Arbusow,2182,0
0018,ORG,"Gesellschaft
Geschichte und Altortumskunde
Riga",2200,0
0018,LOC,Dommuseum,2249,0
0018,LOC,Russlands,2280,0
0018,PER,S. S.,2312,0
0018,PER,A. Woss,2334,0
0018,ORG,Hochgeehter Nor,2362,0
0018,PER,Johann Scharpe,2682,0
0018,ORG,Utrum scapule poscorum,2756,0
0018,MISC,"lec¬
tionis dominice passionis",2826,0
0019,DATE,11.1.1912,563,0
0019,ORG,rih,47,0
0019,PER,herzih,143,0
0019,LOC,Zeil,273,0
0019,PER,Hochtiets,397,0
0019,PER,"Thr
V. Arenstorff",524,0
0019,PER,"Penzlin
d. 11.1.1912.",552,0
0019,PER,nachste¬,698,0
0019,ORG,Vorzulegen &schicke,719,0
0019,MISC,"sr-
klarung folzendes",743,0
0019,LOC,Mitwerkenden,950,0
0019,ORG,"betr.
Sreisbeiternnen",1121,0
0019,MISC,sinschen,1242,0
0019,PER,Ver,1259,0
0019,PER,Marie,1272,0
0019,PER,Schuerdag,1315,0
0019,LOC,Gereine,1688,0
0019,LOC,Weisnahten,1923,0
0021,PER,"Abb
 Arold",12,0
0021,LOC,Wien,24,0
0021,ORG,Richerel Wossido,72,0
0021,LOC,Mecklenburg,95,0
0021,LOC,Funr,110,0
0021,LOC,Lichoidslehe,122,0
0021,LOC,Wien,136,0
0021,LOC,Halberstadt,143,0
0021,LOC,Gleinstr,175,0
0021,ORG,Herr Oberlehrer!,208,0
0021,MISC,Lokalpatriotismns¬,360,0
0021,LOC,Kischof Buko,401,0
0021,PER,Banos,524,0
0021,ORG,Oberlehrer Dr. Leers,549,0
0021,PER,Niemann,682,0
0021,LOC,Listuus Halberstadt S. 177,706,0
0021,PER,Sangart,769,0
0021,PER,Niemann,822,0
0021,ORG,"Wienig¬
stadt's Halberstädter Chronik S. 298",852,0
0021,ORG,Bukos,957,0
0021,PER,Abel,1040,0
0021,PER,Niemann,1159,0
0021,PER,Münsterishe,1266,0
0021,PER,Sello,1431,0
0021,PER,Buko,1572,0
0021,MISC,Lello,1622,0
0021,LOC,"Namens
Halberstade",1813,0
0021,PER,G. Scheidel,1894,0
0021,LOC,Hallerstadt,1961,0
0021,MISC,Albhera-stete,2026,0
0023,LOC,di shreibe,45,0
0023,LOC,mohr,69,0
0023,LOC,weibrelh,163,0
0023,LOC,"Aft
Meh",178,0
0023,LOC,M Horung,309,0
0023,PER,Wegwage,378,0
0023,PER,Sedenfalss,439,0
0023,LOC,"Ver¬
wir wllee",471,0
0023,PER,Friegredn,493,0
0023,PER,Bant,508,0
0023,ORG,din,516,0
0023,MISC,Ordlicl,531,0
0023,ORG,"Machtopair!!
i",556,0
0023,LOC,"Aacgwls
",608,0
0023,ORG,"Peowe a¬
k",670,0
0023,PER,Relh,697,0
0023,MISC,VolctrrrTagen,707,0
0023,LOC,Böllsn,921,0
0023,LOC,Bellin,931,0
0023,LOC,bitter,1001,0
0023,MISC,dagi iot garvicnt,1009,0
0023,PER,Bebunz,1032,0
0023,PER,Fachmann,1040,0
0023,PER,Arlong Auslurtt,1080,0
0023,ORG,sid,1132,0
0023,LOC,dami,1148,0
0023,PER,Gerne,1170,0
0023,PER,Grun,1213,0
0023,LOC,Bo,1311,0
0023,MISC,9.133.,1315,0
0023,LOC,"Österreich
Straße",1358,0
0023,PER,Hher Profosser,1428,0
0023,PER,midt,1508,0
0023,LOC,Ihnn,1527,0
0023,ORG,Resnelah,1585,0
0023,MISC,"Su
en von ene",1623,0
0023,MISC,Anschluss,1666,0
0023,LOC,Anspond,1765,0
0023,MISC,Ist Iumin,1786,0
0023,PER,Donne,1830,0
0023,MISC,"Kortachbeg
",1954,0
0023,ORG,"He Profisarr!
",2015,0
0023,LOC,"nach¬
Wtekr",2133,0
0023,MISC,"dan


Absender",2348,0
0023,LOC,Straße,2373,0
0023,LOC,Haugummer,2381,0
0023,PER,Stodwert,2483,0
0023,PER,Her Professer,2520,0
0023,MISC,M¬,2612,0
0023,MISC,Resultale¬,2721,0
0023,PER,"ke¬
Snna",2803,0
0023,PER,mid dem,2831,0
0023,PER,Kan,2840,0
0023,ORG,"Rähe dr swart
Harns",2860,0
0023,ORG,wet,2909,0
0023,LOC,Ruben,2992,0
0023,LOC,uih,3064,0
0023,LOC,S,3071,0
0023,PER,Graber,3090,0
0023,MISC,"Un¬
jeodan",3120,0
0023,LOC,Wegs,3242,0
0023,LOC,kamn,3248,0
0024,DATE,15. VI. 1913,253,0
0024,LOC,ihem,89,0
0024,LOC,Grüssen,150,0
0024,PER,Elisabeth Asmus,226,0
0024,MISC,15. VI,253,0
0024,MISC,Iehn,266,0
0024,PER,Horr Professor si¬,280,0
0024,MISC,"Ihres Win
ludabends",394,0
0024,PER,Grosse,474,0
0024,PER,"unct z. Z. bern
ders",525,0
0024,MISC,"Wisnen Nadi
kömmdings",565,0
0024,MISC,MeinMann,603,0
0025,PER,Peteraver,4,0
0025,LOC,unseres,31,0
0025,PER,Einwolman,88,0
0025,PER,Gisela,375,0
0025,LOC,Meckl,393,0
0025,PER,Wassid,447,0
0025,PER,mir angetan,592,0
0025,LOC,bei¬,689,0
0025,LOC,Peterow,698,0
0025,MISC,"Falbmarats¬
schrift",722,0
0025,LOC,Ost¬,821,0
0025,LOC,Mecklenlurg,890,0
0025,ORG,"Ostueleke
Heimat",1010,0
0033,PER,Werner Müller,111,0
0033,LOC,I. Bande,173,0
0033,ORG,din,210,0
0033,PER,"Max Bähn
O.",408,0
0033,LOC,Berlin,445,0
0033,MISC,"3. Bandes
Ihrer schönen Volksüberlieferungen sage",531,0
0033,LOC,Groß-Berlin,818,0
0033,PER,Lie,877,0
0034,LOC,Neustrelitz,0,0
0034,MISC,Weihnachten,13,0
0034,PER,Professon,51,0
0034,PER,Erinner,62,0
0034,LOC,Miran,126,0
0034,LOC,Heimtlumdes,286,0
0034,ORG,Hemmatbund,381,0
0034,PER,Professon,441,0
0034,PER,Falrun u. J.,508,0
0034,LOC,Neustralit,529,0
0034,MISC,"Themn


Elis",624,0
0034,MISC,Lendeskunde sp,691,0
0034,MISC,"Ein
mihren Artbrunschen
Welches Thene",937,0
0034,LOC,Neustrelitz,1186,0
0034,PER,Sohn,1213,0
0034,LOC,Strelitz,1276,0
0034,LOC,Alt,1286,0
0034,MISC,Rucht¬,1307,0
0034,MISC,Heimntbun¬,1368,0
0034,LOC,Nunftralitz,1491,0
0034,MISC,"Eiyen
wrt",1511,0
0034,PER,Mecklenlungs,1535,0
0034,LOC,Behellen,1593,0
0034,LOC,Murz d. J.,1794,0
0034,LOC,Kerten,1819,0
0034,ORG,"passen¬
Thern",1919,0
0034,PER,Bahlke,2011,0
0034,LOC,Neustrelitz,2022,0
0034,MISC,Dokton¬,2070,0
0034,MISC,Ihrn gehälliges Schreilen,2454,0
0034,LOC,Alt,2624,0
0034,LOC,Neelitz,2629,0
0034,PER,erht,2706,0
0034,MISC,A. Or,2723,0
0034,LOC,Neustrelitz,2841,0
0034,PER,Ahtlildempperet,3125,0
0034,LOC,Warn,3211,0
0034,MISC,"KII-O03t-R1.


to",3309,0
0034,LOC,Naven,3370,0
0034,MISC,"Wssidto
Maren",3417,0
0034,ORG,XII,3432,0
0034,PER,Lond,3450,0
0034,ORG,Oostkarte,3460,0
0034,ORG,BrorsenesRrcdl,3470,0
0034,LOC,O2,3517,0
0034,LOC,Neustrelitz,3522,0
0034,ORG,mur,3647,0
0034,LOC,"unserm
Heimntbund",3713,0
0034,ORG,"Hemmts
Bund",3986,0
0034,LOC,Belrunn,4066,0
0034,LOC,Mürz,4079,0
0034,MISC,mäm,4145,0
0034,LOC,Wärterbuche,4304,0
0034,LOC,Sr,4373,0
0034,LOC,Marln,4404,0
0034,MISC,KI-Oe4,4411,0
0035,DATE,13.11.1899,1030,0
0035,PER,Marich,78,0
0035,LOC,Kehlin,88,0
0035,LOC,Sipperon,100,0
0035,LOC,Altenteder Kocke,671,0
0035,LOC,Klopzon,691,0
0035,LOC,Sill,728,0
0035,MISC,Tufels¬,757,0
0035,PER,Wrwohin,799,0
0035,PER,Mekklenl,852,0
0035,LOC,"Thr
Buch",895,0
0035,LOC,Mirow,1024,0
0035,PER,H. Bahlke,1041,0
0035,PER,I.,1051,0
0041,DATE,20.5 .1918,115,0
0041,MISC,BANk-KONTo,0,0
0041,MISC,GUTSVERWALTUNG,12,0
0041,MISC,BRESEGARD,31,0
0041,MISC,MEckL. ScHWERIN,84,0
0041,ORG,FILIALE,100,0
0041,ORG,PICHER,108,0
0041,ORG,EEAASEhEOlER,126,0
0041,PER,Kinzlch,208,0
0041,ORG,"Verein für
Meckl",281,0
0041,LOC,Mecklb,349,0
0041,PER,Iho,449,0
0041,LOC,extenso,501,0
0041,ORG,Ortsnamens Bresegard,673,0
0041,PER,gard läßt,823,0
0041,MISC,niedersächsische,842,0
0041,LOC,Namm,897,0
0041,PER,Dorfnann,1046,0
0041,LOC,Wohltorf,1062,0
0041,LOC,Wentorf,1072,0
0041,PER,Bresegard,1248,0
0041,PER,"H. Barske
Wohltorf-Postetumühle
Jeg",1417,0
0041,LOC,Kamburg,1454,0
0042,PER,Sanitätsrath Dr. U. Bartels,0,0
0042,LOC,behtens,34,0
0042,LOC,Berlin,72,0
0042,PER,Kurtskuil,102,0
0042,PER,Sapitätsrath Dr. M. Bartels,121,0
0042,LOC,"Berlin W. 14.10.1895.
Am Karlsbuc",195,0
0042,LOC,Berlin,239,0
0042,PER,Max Bartels,526,0
0042,LOC,Berlin,541,0
0042,PER,"Max Bartels
D.",744,0
0042,PER,Max Bartels,888,0
0042,ORG,anc,962,0
0042,MISC,WornungMeklembe,991,0
0042,PER,"D.Dosfredo
Wohlgaboren",1079,0
0058,ORG,"Landesbischof 
Schwerin",0,0
0058,LOC,Bischoßstach,66,0
0058,ORG,Kirche,363,0
0058,LOC,Suhlenburgs,495,0
0058,PER,Schütze,862,0
0058,MISC,Den2,969,0
0058,LOC,bescheen,1038,0
0071,DATE,24. 9. 1906,9,0
0071,LOC,Konstanz,0,0
0071,LOC,Hochgechrln,21,0
0071,PER,Spchel,91,0
0071,MISC,De Druckmeines Schul¬,127,0
0071,PER,nack Kourtanz,291,0
0071,PER,Lass,309,0
0071,MISC,Is,418,0
0071,PER,wun mein,438,0
0071,ORG,Hauß¬,519,0
0071,PER,Vergehendt L. Berger,525,0
0071,PER,H. Worsichls,591,0
0071,PER,Mecklenbg,612,0
0073,DATE,1. Mai. 1909,646,0
0073,PER,Sagenforschens,250,0
0073,LOC,Segon,378,0
0073,LOC,Alten Wenden,387,0
0073,PER,gard tsutizi,402,0
0073,PER,Juliud Bernhardt,562,0
0073,PER,Zolljakretär,580,0
0073,MISC,"Vorkskund
",615,0
0073,LOC,Leipzig,625,0
0073,LOC,Leipzig,635,0
0073,LOC,Pro¬,683,0
0073,ORG,"Verbandes
deutscher Vereine für Volkskunde",721,0
0074,DATE,15. September. 1890,4076,0
0074,PER,Kurt von Bactsel,447,0
0074,PER,zrr ergebene,587,0
0074,LOC,Rostock,616,0
0074,PER,Impratirisste Wort¬,703,0
0074,PER,Freude kreihet,758,0
0074,LOC,Cills,826,0
0074,LOC,Capilel,866,0
0074,PER,winderd,1065,0
0074,PER,Jatrbet,1074,0
0074,ORG,bict,1109,0
0074,PER,Aert,1176,0
0074,PER,Ien Müter,1230,0
0074,PER,Daso,1308,0
0074,ORG,As Thel,1350,0
0074,LOC,Abr mir,1427,0
0074,LOC,Barthel,1622,0
0074,PER,Harrassowih,1674,0
0074,PER,Ie Jand de,1789,0
0074,LOC,Midelberg,1886,0
0074,LOC,wnde,1914,0
0074,LOC,Mivelleg,1983,0
0074,MISC,Veschen,1993,0
0074,ORG,ten ien,2011,0
0074,PER,lie,2079,0
0074,MISC,Cekanigungen,2096,0
0074,LOC,dane,2158,0
0074,PER,Hermam Becker,2272,0
0074,PER,Nieale,2294,0
0074,MISC,No¬,2336,0
0074,LOC,Inden,2477,0
0074,LOC,Ire,2511,0
0074,LOC,Bernstein,2606,0
0074,LOC,Rostock,2617,0
0074,LOC,Harrassowik,2800,0
0074,LOC,D Jand,2915,0
0074,PER,Ben,2973,0
0074,PER,Urhrüttin Packsst,2989,0
0074,LOC,Midelberg,3010,0
0074,LOC,wnden,3037,0
0074,LOC,Misellug,3109,0
0074,PER,lie,3208,0
0074,PER,cobitius,3216,0
0074,PER,Cetaniangen,3226,0
0074,PER,dane anderrwotin,3287,0
0074,PER,Hermann Becker,3396,0
0074,ORG,Nimale,3419,0
0074,MISC,No¬,3461,0
0074,LOC,Inden,3602,0
0074,LOC,Ire,3636,0
0074,LOC,Bernstein,3730,0
0074,LOC,Rostock,3741,0
0074,PER,Sohveriaer,3886,0
0074,PER,Rast Massen,3902,0
0074,PER,Ihan,3919,0
0074,LOC,Schwerin,3968,0
0074,ORG,Gesammtverlier¬,4009,0
0074,LOC,Rostock,4067,0
0075,LOC,Riga,0,0
0075,LOC,Lacplesa,19,0
0075,PER,Walter Anderson,79,0
0075,LOC,Dorpat,98,0
0075,PER,Iher,148,0
0075,LOC,Kopenhage,364,0
0075,LOC,Berlin,379,0
0075,LOC,Warenanhalten,401,0
0075,LOC,Kosenhagen,443,0
0075,MISC,Zeit,529,0
0075,ORG,Hause,543,0
0075,LOC,Riga,617,0
0075,LOC,Kopenhagen,632,0
0075,MISC,"Hochachtungsvoll
",663,0
0075,LOC,Hor,680,0
0075,PER,Anna Berzkahne,695,0
0075,LOC,Riga,753,0
0075,MISC,R.,797,0
0075,MISC,Siebens¬,1057,0
0075,LOC,Riga,1191,0
0075,LOC,Freiburg i. Br,1232,0
0075,PER,John Mheiers,1268,0
0075,MISC,tun¬,1393,0
0075,PER,Donner,1411,0
0075,LOC,"lettischen
Tollorearebir",1457,0
0075,ORG,Volneezählen¬,1527,0
0075,LOC,Waren,1669,0
0075,PER,Hochachtungsvoll,1978,0
0075,PER,Anna Berzkahne,2011,0
0077,LOC,"Schwerin
i Merke",60,0
0077,MISC,Lübecker Str.,96,0
0077,PER,sugt¬,413,0
0077,LOC,Begriffenseid,645,0
0077,ORG,Beweis¬,991,0
0077,PER,Mir,1007,0
0077,MISC,F. Ihminfal,1083,0
0077,LOC,dasel,1143,0
0077,MISC,mur,1172,0
0077,LOC,Beziek,1211,0
0077,PER,"VII O.
Anhunglich Meit",1341,0
0077,PER,Carl Beyer,1364,0
0077,ORG,Volksgunn¬,1623,0
0077,LOC,Kissingen,1669,0
0077,LOC,rder,1730,0
0077,LOC,Mineralien,1917,0
0077,MISC,"gehum¬
insvellstem Arbeit",2047,0
0077,LOC,thnee,2095,0
0077,PER,Threm Karshen¬,2131,0
0077,LOC,Vortrages,2269,0
0077,MISC,eir,2324,0
0077,LOC,Vel¬,2362,0
0077,ORG,"Denck
Ge
Beyer",2730,0
0078,PER,Friedland  ,0,0
0078,PER,Fritz Reuter-Str,32,0
0078,PER,Professo,55,0
0078,LOC,Hausberg,130,0
0078,LOC,"Schloß¬
Berg",144,0
0078,LOC,Ramelow,164,0
0078,LOC,Rebelow,176,0
0078,MISC,C,223,0
0078,PER,Grundrissen,411,0
0078,LOC,Hausberg,506,0
0078,LOC,Hausberges¬,580,0
0078,PER,Falles,883,0
0078,LOC,inzendwor,911,0
0078,LOC,ver¬,948,0
0078,LOC,Rannlower,1031,0
0078,PER,Nebelower,1046,0
0078,MISC,Verfü¬,1082,0
0078,LOC,Brohmer Berge,1297,0
0078,LOC,Ver¬,1326,0
0078,PER,Hoffentlich,1927,0
0078,PER,Karl Beyer,1999,0
0078,PER,Fritz Reuter-Str,2048,0
0078,LOC,Meck¬,2470,0
0078,LOC,henburg,2476,0
0078,LOC,Prillwitz,3038,0
0078,LOC,Liegs,3112,0
0078,PER,Spitzbarg,3132,0
0078,MISC,Liegs,3209,0
0078,LOC,Prillwitz,3452,0
0078,LOC,Sudost,3486,0
0078,LOC,Liegs,3733,0
0078,LOC,Bergen,3820,0
0078,LOC,Tronger Wirk,3855,0
0078,LOC,Rügen,3872,0
0078,LOC,Lucin-See,3889,0
0078,LOC,Feldberg,3903,0
0078,LOC,Gabenbucker See,3917,0
0078,LOC,Brohmer Bergen,3941,0
0078,MISC,Prill¬,3974,0
0078,PER,Liers,4027,0
0078,LOC,Prillwitz,4183,0
0078,MISC,Liegs,4200,0
0078,LOC,Knüpgellach,4360,0
0078,LOC,Brohmer Bergen,4379,0
0078,LOC,Oberammergaus,4434,0
0078,LOC,"Tal
die Schlucht",4463,0
0078,LOC,Bergen,4505,0
0078,LOC,Rebelow,4558,0
0078,MISC,Liegs erinner¬,4614,0
0078,LOC,Galenbeker See,4664,0
0078,MISC,Liegs,4717,0
0078,LOC,Alche,4769,0
0078,LOC,Landbrücke,4798,0
0078,LOC,Rügen,4840,0
0078,LOC,Jasmunder Bodden,4879,0
0078,LOC,Fuldlerg,4905,0
0078,LOC,Haussee,4936,0
0078,PER,feuerkult,5060,0
0078,LOC,Kultgenossen,5125,0
0078,MISC,Wasser¬,5195,0
0078,PER,J.,5594,0
0078,PER,Gelurt,5764,0
0078,LOC,Weiblich,5824,0
0078,MISC,Tui¬,6047,0
0078,PER,Tacilus,6064,0
0078,MISC,tni=,6092,0
0078,PER,Zwie,6109,0
0078,LOC,Gegensätzliche,6141,0
0078,MISC,Reich,6254,0
0078,LOC,Reich,6307,0
0078,MISC,Volksphanta¬,6688,0
0078,LOC,Ezda,6913,0
0078,LOC,Nirgendswo,7218,0
0078,MISC,indogermanische,7261,0
0078,PER,Gefühls,7319,0
0078,MISC,Rune,7356,0
0078,MISC,heilszeichen,7370,0
0078,MISC,"Gottes
",7597,0
0078,LOC,gleichnishast,7675,0
0078,LOC,Bergen,7934,0
0078,LOC,Prillwitz,7945,0
0078,LOC,Urgrunds,8138,0
0078,MISC,Volks¬,8584,0
0078,LOC,Männlich,8712,0
0078,LOC,Weiblich,8725,0
0078,PER,Adam,8992,0
0078,MISC,Ewa,9001,0
0078,MISC,Bibel,9009,0
0078,MISC,Christentum,9045,0
0078,MISC,gotischen,9396,0
0078,MISC,"Lebens¬
baum Mann und Weib",9432,0
0078,LOC,Hemmalsburg,9947,0
0078,LOC,Herrscheeburg,9964,0
0078,PER,Reich,9990,0
0078,PER,Asgard,9997,0
0078,MISC,ewiger,10130,0
0078,MISC,Reich,10260,0
0078,ORG,Urgrund,10893,0
0078,LOC,Osterferien,11175,0
0078,LOC,Ptrillwitzer,11206,0
0078,MISC,Meßtisch,11288,0
0078,LOC,"Prillwitzer
tal",11508,0
0078,PER,Kult¬,11745,0
0078,LOC,Burge,11889,0
0078,MISC,Liegs,11902,0
0078,MISC,Trill¬,12025,0
0078,LOC,Prillwitz,12129,0
0078,MISC,"versprech¬
mir",12250,0
0078,LOC,Mecklenburg,12338,0
0078,MISC,Ostern,12503,0
0078,LOC,Porto,12620,0
0078,PER,Karl Beyer,12692,0
